news,언론사
"
840명 규모 특별수사본부 등 국제우편 마약단속 TF 구성해마약 밀반입 원천 차단하기로



윤석열 대통령이 18일 용산 대통령실 청사에서 열린 국무회의에서 회의를 주재하고 있다. 대통령실사진기자단정부가 인터넷 마약유통, 대규모 밀수출·입을 중점적으로 수사해 마약 범죄를 일소하겠다고 18일 밝혔다. 최근 서울 강남 학원가의 마약음료 사건, 배우 유아인씨의 투약 사건 등을 계기로 마약의 일상 침투 우려가 커지자 마약과의 전면선을 선언한 것이다.윤석열 대통령은 이날 국무회의에서 “마약 중독은 나와 내 가족, 그리고 우리 사회를 병들게 하는 질병이자 범죄”라며 “마약범죄는 반드시 처벌된다는 각오로 강력하게 수사·단속해달라”고 당부했다.이어 “마약류 중독자는 하루 속히 사회에 복귀할 수 있도록 치료·재활에 최선을 다해달라”며 “정부는 마약과의 전쟁에서 반드시 승리할 수 있도록 범정부의 역량을 총결집하겠다”고 밝혔다.정부는 이날 ‘마약류 관리 종합대책 추진성과 및 향후계획’을 발표했다.우선 국제우편 마약단속 태스크포스(TF)를 구성하고 첨단장비를 도입해 마약 밀반입을 원천 차단하겠다고 했다.검찰·경찰·관세청 등 인력 840명으로 구성된 마약범죄 특별수사본부는 마약범죄 수사의 컨트롤타워 역할을 한다. 마약수사 전담인력이 수사 착수부터 공판 절차까지 대응한다. 마약 밀수사건, 국제 범죄조직 정보를 망라하는 마약정보 데이터베이스를 구축하고, 대검찰청에는 가칭 ‘마약·조직범죄부’를 설치한다. 상습 투약과 대량 밀수사범에 대한 양형기준 강화도 대법원 양형위원회에 요청키로 했다.마약 관련 키워드를 자동 탐지하는 e-로봇을 활용해 인터넷 마약 불법거래·광고 사이트를 24시간 감시하고, 적발된 사이트는 방송통신심의위원회 심의를 통해 하루 내로 신속히 차단키로 했다. 첨단 감정장비를 도입해 신종 마약 탐색 역량을 높이고, 약 6억건에 이르는 마약류 통합관리시스템의 처방·투약정보를 분석해 의료용 마약류의 불법유통 감시도 강화하기로 했다. 의사가 의료용 마약류를 처방할 때는 환자의 과거 투약이력 조회를 의무화해 중복처방을 방지하기로 했다. 펜타닐 등 오남용 가능성이 큰 약물군부터 적용된다.치료보호기관으로 지정된 24개 병원은 마약 중독치료 기능을 수행할 수 있도록 사업운영비와 치료비 지원단가를 높이고 치료보호에 대한 의료수가 개선을 검토한다. 치료보호가 종료된 중독자에 대해서도 의료진이 지속적으로 관리하도록 치료·재활 연계 체계를 마련한다. 중독심리사 자격, 한국마약퇴치운동본부 재활강사 등 올해 약 190명의 전문인력을 양성하고 교정시설 내 수형자에 대한 중독재활 교육도 확대한다.‘마약과 끝낼 신호, SOS’ 슬로건을 바탕으로 범국민 캠페인도 실시한다. 정부는 청소년들이 마약범죄 관련 기사를 보고 마약에 호기심에 갖지 않도록 마약범죄 언론보도 권고기준도 만들겠다고 했다. 정부는 지난해 11월부터 총력 대응한 결과 마약류 사범 5890명을 적발하고 306.8kg의 마약류를 압수했다고 밝혔다. 앞서 정부는 모든 초중고·특수학교에서 연간 10시간의 약물예방 교육을 의무적으로 실시하도록 했다.
		",경향
"




‘2023 서울민중대회’ 참가자들이 15일 서울광장 인근에서 윤석열 정부의 민생·노동·외교 정책을 규탄하는 구호를 외치고 있다.   연합뉴스시민단체 촛불행동은 15일 오후 서울 숭례문 일대에서 윤석열 정부의 일제 강제동원 해법안과 ‘굴욕 외교’를 규탄하는 ‘촛불행동 전국 7차 집중대회’를 했다.주최 측 추산 2만명이 운집해 세종대로 4개 차로를 가득 메웠다. 본집회에 앞서 혜화역 인근에서 5000명이 사전집회를 한 뒤 ‘윤석열 퇴진’ 등 문구가 적힌 피켓을 들고 숭례문까지 2시간 가까이 행진했다.일부 참가자들은 세월호 참사 9주기를 하루 앞두고 ‘세월호 참사를 애도하고 기억합니다’라는 내용의 대형 현수막을 펼쳐 들었다.너머서울과 민주노총 서울본부 등 시민사회단체는 오후 2시 서울역에서 정부의 민생·노동·외교 정책을 규탄하는 ‘2023 서울민중대회’를 했다. 참가자 약 2000명은 팻말을 들고 ‘공공요금 낮춰라’, ‘굴욕외교 규탄한다’ 등 구호를 외치며 서울시청까지 행진했다.
		",경향
"
‘북·미관계’ 대신 ‘미·북관계’···7번 등장“북 핵·미사일 위협으로 안보불안 가중”



통일부는 14일 291쪽에 달하는 <2023 통일백서>를 발간했다.윤석열 정부가 발간된 첫 <통일백서>에 한반도 정세의 책임이 북한의 핵 위협과 군사 도발에 있다고 적시했다. 북한 인권 문제에 상당한 비중을 할애했고 기존 ‘한반도 비핵화’ 대신 ‘북한 비핵화’라고 표현했다.통일부는 14일 291쪽에 달하는 <2023 통일백서>를 발간했다. 백서 제1장인 ‘윤석열 정부의 통일·대북정책’에서 “북한은 우리와 미국에 대한 강경 입장을 고수하였고, 만성적인 경제난 속에서도 핵·미사일 위협과 도발을 지속하면서 한반도의 안보불안을 가중시켰다”고 했다. 제3장인 ‘개방과 소통을 통한 동질성 회복’에서도 “2022년은 코로나19 확산세가 전 세계적으로 지속되는 가운데 북한의 계속되는 군사적 위협과 도발로 남북간 교류협력은 이뤄지지 못했다”면서 북한의 책임을 강조했다. 한반도 정세 악화와 남북관계 경색의 책임이 북한의 핵·미사일 위협과 군사도발에 있다고 명시한 것이다.권영세 통일부 장관도 발간사에서 “한반도 정세 악화의 근본 원인”으로 북핵 문제를 꼽았다.문재인 정부의 마지막 통일백서인 ‘2022 통일백서’에는 북한의 ‘도발’이 직접 등장하지 않았다. 또 1992년 발효된 남북 한반도 비핵화 공동선언 이후 공식화된 ‘한반도 비핵화’라는 표현 대신 ‘북한 비핵화’로 대체했다. 핵을 포기해야 하는 주체가 북한이라는 사실을 뚜렷하게 드러냈다는 평가다.기존에 사용해 오던 ‘북·미’, ‘북·미관계’가 ‘미·북’, ‘미·북관계’란 용어로 바뀌었다. 정부는 혼용해서 사용할 것이라는 입장이지만 이번 백서에 ‘미·북’ 관계는 7번 등장하는데 반해 ‘북·미’는 1차례만 등장한다. 그나마도 ‘미·북’과 병기됐다. 한·미 관계를 중시하는 윤석열 정부의 정책 기조가 반영된 게 아니냐는 해석이 나온다.이효정 통일부 부대변인은 정례브리핑에서 북한 비핵화와 미·북 표현으로 바뀐 배경에 대한 질문에 “통일백서를 완성한 이후에 전문가들의 감수 과정을 거쳤다”면서 “그 과정에서 용어를 통일하는 것이 좋겠다는 의견이 있었고, 이러한 의견을 반영해 이번 통일백서에는 통일된 용어로 일관되게 표현하게 되었다”고 설명했다.북한 인권보고서 출간, 북한인권재단 출범 추진 등 북한 인권을 강조하는 윤석열 정부 기조에 맞춰 북한 인권에 상당 분량을 할애했다. 총 7개의 장 가운데 2장인 ‘북한주민의 인권증진과 분단고통 해소’(총 33쪽 분량)에서 북한 인권의 실질적인 개선을 위한 정책 수립, 시민사회와 국제 협력, 북한인권 기록센터 운영 등 북한 인권 문제를 상세히 다뤘다. 지난해 백서는 북한인권 문제가 3장 ‘인도적 협력’의 한 절(4쪽 분량)에서 다룬 것과 대조적이다.올해 백서는 총 1만 부를 발간해 주요 기관과 민간단체, 연구기관 등에 배포될 예정이다. 파일은 통일부 홈페이지(www.unikorea.go.kr)에 내려받을 수 있다.
		",경향
"




서울 서초구 대검찰청의 모습. 연합뉴스시민단체가 검찰총장과 서울중앙지검장을 상대로 특수활동비·특정업무경비·업무추진비 지출 내역을 공개하라며 낸 소송에서 최종 승소했다. 이 판결로 인해 윤석열 대통령이 검찰 공직에 있을 때 특활비 등을 지출한 내역이 시민에게 공개될 것으로 보인다.대법원 2부(주심 이동원 대법관)는 13일 시민단체 ‘세금도둑잡아라’ 하승수 공동대표가 검찰총장과 서울중앙지검장을 상대로 낸 정보공개 거부처분 취소소송에서 원고 일부 승소인 원심 판결을 심리불속행 기각으로 확정했다. 심리불속행 기각은 원심 판결에 문제가 없어 심리를 하지 않고 상고를 기각하는 제도다.대법원 판결에 따라 대검찰청과 서울중앙지검은 2017년 1월1일부터 2019년 9월30일까지의 특활비 등의 집행내역과 지출 증빙서류를 공개해야 한다. 이 기간 검찰총장은 김수남·문무일·윤석열 총장이었고, 서울중앙지검장은 이영렬·윤석열·배성범 지검장이었다.특활비는 다른 예산 항목과 달리 증빙 영수증 없이 현금 집행이 가능해 ‘쌈짓돈’으로 불려왔다. 사용처가 불분명해 검찰 간부들이 부하 검사들에게 돈봉투를 돌려 논란이 될 때마다 그 출처로 특활비가 지목됐다.1·2심 재판부는 개인이 특정될 만한 정보나 수사규모, 내용을 유추할 수 있는 정보를 지우고 부분 공개하라고 판결했다. 하지만 검찰은 이에 불복해 상고하면서 ‘식대 영수증은 수사내용을 유추할 수 있다’거나 ‘정보 공개시 음식점 영업에 피해를 줄 수 있다’는 등의 주장을 해 비판이 일기도 했다. 이같은 검찰 태도는 시민단체 보조금의 사용처를 투명하게 공개해야 한다는 윤석열 정부 기조와 배치된다는 지적도 나왔다.



“식대 영수증도 수사 기밀” “음식점에 피해 우려” …특활비 공개 못한다는 검찰검찰이 시민단체가 제기한 특수활동비 및 업무추진비 공개 요구 재판의 항소심 패소 판결에 불복...https://www.khan.co.kr/national/court-law/article/202301301458001
",경향
"




민주노총 대전본부 관계자 등이 18일 대전지방고용노동청 앞에서 윤석열정부의 노동시간 제도 개편안을 규탄하는 기자회견을 진행하고 있다. 강정의 기자민주노총 대전본부 “노동개악안 폐기해야”전교조 충남지부 “교사 정원 확충해야”대전과 충남지역에서 윤석열정부를 비판하는 목소리가 잇따라 터져나오고 있다.민주노총 대전본부는 18일 대전지방고용노동청 앞에서 윤석열정부의 노동시간 제도 개편안을 폐기하고 노동시간 단축을 촉구하는 기자회견을 열었다.이들은 “윤석열정부는 지난달 6일 노동자 선택권을 비롯한 건강권과 휴식권을 보장한다는 기만적인 포장지를 씌운 노동시간 제도 개편안을 발표했다”고 밝혔다.이어 “주 69시간 장시간 집중 노동으로 과로를 유발하는 과로사조장법, 연장수당을 제대로 못받는 임금삭감법, 일자리를 줄이는 고용감소법, 휴가는 없이 노동시간만 늘리는 노동시간연장법 등이 개편안에 담겼다”며 “정부는 과로사를 조장하는 개악안을 즉각 폐기하고, 노동자의 건강권을 보장하기 위한 대책으로 기조를 전환해야 할 것”이라고 촉구했다.이들은 기자회견을 마친 후, 그동안 취합했던 노동개악안 폐기를 위한 서명운동과 문자행동 등의 내용을 대전지방고용노동청장에게 전달했다.전교조 충남지부도 이날 충남교육청 앞에서 윤석열 정권의 교육정책을 저지하고, 교사 정원 확보를 위한 기자회견을 개최했다.이들은 “교육부의 교사 정원 감축에 따라 올해 충남 교사 정원이 초등 38명, 중등 219명 등 총 257명이 줄어들었다”며 “(윤석열정부는) 학령인구 감소만을 이유로 교사 정원을 지속적으로 줄이고 있다”고 주장했다.전교조 충남지부는 이날 내년도부터 교사 정원을 크게 늘려 공교육의 질을 높여야 한다고 촉구하기도 했다.윤석열 대통령의 퇴진을 촉구하는 충남도민 시국선언 제안자 일동은 19일 오전 11시 충남 아산 온양온천역 광장에서 윤석열 정권 퇴진을 촉구하는 충남도민 시국선언대회를 연다.일동은 “윤석열 정권이 등장한 지 채 1년도 되기 전에 민중의 삶이 도탄에 빠졌다”며 “정치검찰을 앞세운 윤석열 정권의 막무가내식 국정 운영으로 국민들이 피와 땀으로 일궈온 민주주의, 민생경제, 한반도 평화가 바람 앞에 등불처럼 위태로워졌다”라고 주장했다.이들은 윤석열 정권의 퇴진을 위해 충남도민 시국선언을 지속적으로 확대해나가기로 했다.
		",경향
"




‘고발사주 의혹’으로 기소된 손준성 서울고검 송무부장이 16일 오전 서초구 서울중앙지방법원에서 열린 속행 공판에 출석하고 있다. 2023.1.16. 연합뉴스‘고발사주’ 의혹 사건 직전 손준성 서울고검 송무부장(전 대검 수사정보정책관)이 대검 대변인실에 윤석열 당시 검찰총장 장모 사건과 관련한 문건을 전달한 사실이 법정에서 드러났다.서울중앙지법 형사합의27부(재판장 김옥곤) 심리로 10일 열린 손준성 부장의 공직선거법 등 위반 사건 공판에는 권순정 법무부 기획조정실장(전 대검 대변인)이 증인으로 출석했다.손 부장을 기소한 고위공직자범죄수사처는 권 실장에게 “2020년 3월10일부터 31일 사이 송 검사로부터 정대택 사기미수 판결문, 장모 등 의혹제기 팩트체크 파일, 잔고증명서 관련 안모씨 사기행각 파일 등을 집중적으로 받은 기록이 있는데 기억이 나는가”라고 물었다.당시는 윤석열 대통령의 장모 최은순씨 관련 의혹이 집중적으로 보도되던 때다. 공수처는 윤 전 총장 가족에 대한 비판 여론과 범여권의 공세가 커지자 손 부장이 김웅 국민의힘 의원에게 범민주당 인사를 상대로 한 고발장 등을 보냈다고 의심한다. 손 부장이 윤 대통령 장모 대응 문건을 대변인실에 보낸 것과 고발사주 의혹이 같은 맥락에 있다고 보는 것이다.이에 대해 권 실장은 “큰 틀에서 검찰총장의 직무수행을 어렵게 하기 위한, 검찰 수사를 집중 공격하는 보도였고 모든 관련 부서에서 대응하는 게 맞다고 본다”며 “당시 수정관실뿐 아니라, 형사부와 반부패부 등에서 자료를 받았을 것”이라고 했다. 손 부장에게서 관련 문건을 받은 건 사실이라는 취지이다.권 실장은 ‘대변인 시절 기자들을 불러 윤 전 총장 가족 관련 대응 문건을 보여주며 설명했냐’는 공수처 측 질문에 대해서는 “장모 대응 문건이 아닌 검찰 대응”이라며 “사적 이해관계를 위해 검찰에서 검토했다는 주장은 불쾌한 일이다. 오직 검찰의 신뢰를 지키기 위해 검토한 것”이라고 했다.공수처는 ‘한동훈-손준성-권순정 3인 단톡방’에 대한 신문도 이어갔다. 공수처는 한동훈 법무부 장관(당시 부산고검 차장검사)이 연루 의혹을 받은 이른바 ‘검·언 유착 의혹’(채널A 사건)이 처음 보도된 2020년 3월31일 직후 이 카톡방에서 하루 최대 127회 메시지가 오갔으며, 손 부장이 김 의원에게 고발장을 보낸 4월3일 대화가 단절됐다고 했다.권 실장은 “3인 단톡방에서 무슨 얘기가 오갔는지 기억하기 어렵다”고 했다. 그러면서 “한동훈 검사장은 그 직전에 중요 사건을 지휘했기 때문에 언론 대응을 위해 당연히 의견을 들어야 하는 사람이었다”며 “종종 안부도 묻는 관계라 개인적인 이야기를 나눴을 가능성도 있다”고 했다.재판에선 이 단체방이 ‘채널A 사건’이 보도되기 2주 전쯤인 2020년 3월14일 만들어진 사실도 드러났다. 권 실장은 “채널A 사건 보도 전부터 사건을 예상하고 채팅방을 개설했다는 것은 말이 안 되는 것 같다”고 했다. 고발 사주 의혹에 대해선 “직접 경험하거나 아는 바가 없다”고 했다.
		",경향
"
“국가 안보에 매우 심각한 문제인데‘신뢰 굳건’‘협의’ 한가한 소리만 해이런 식으로 어떻게 국익 확보하나”



박홍근 더불어민주당 원내대표가 10일 국회에서 열린 최고위원회의에서 발언하고 있다. 박민규 선임기자박홍근 더불어민주당 원내대표는 10일 미국 중앙정보국(CIA)의 한국 대통령실 도청 논란을 두고 “윤석열 대통령과 정부가 미국에 진위에 대한 명확한 정보를 파악하라”며 “국회 운영위원회와 외교통일위원회, 정보위원회, 국방위원회의 즉각적인 소집을 요구한다”고 말했다.박 원내대표는 이날 국회에서 열린 민주당 최고위원회의에서 이같이 말했다. 박 원내대표는 CIA가 한국 대통령실 고위 당국자들의 내부 논의를 도청했다는 뉴욕타임스 보도를 언급하며 “사실이라면 한국 외교안보 컨트롤타워와 대통령실을 미국이 일일이 감시하며 기밀을 파악했다는 점에서 우리 국가안보에 매우 심각한 문제”라고 말했다.박 원내대표는 “그럼에도 윤석열 정부는 단호한 대응은커녕 ‘한·미 신뢰는 굳건하다’는 말만 반복하며 ‘미국과 협의하겠다. 타국 사례를 검토해 대응하겠다’며 남의 다리 긁는 듯한 한가한 소리만 내뱉고 있다”고 말했다.박 원내대표는 “민주당은 윤 대통령과 대한민국 정부에 엄중히 요구한다. 즉각 미국 정부에 해당 보도의 진위와 기밀문건에 대한 명확한 정보를 요구하고 파악해서 우리 국민께 한 점 숨김없이 명명백백히 밝히길 바란다”고 말했다. 그는 “대통령실은 최근 외교·안보라인의 납득하기 힘든 줄사퇴도 미국의 도청과 관련이 있는지, 그리고 도청 정황을 이번 보도 전에는 전혀 파악하지 못했는지도 국민 앞에 낱낱이 밝혀야 한다”며 “이달 말에 있을 윤 대통령 방미가 정상적으로 추진될 수 있을지, 이런 식으로 해서 어떻게 국익을 확보할 것인지도 의문”이라고 말했다.박 원내대표는 “국민의힘은 이런 심각한 상황에서도 대통령 심기 경호만 계속하겠느냐”며 “대통령실 업무보고를 포함한 관련 상임위 개최에 조건 없이 협조할 것을 요구한다”고 말했다.
		",경향
"




8일 오후 서울 전쟁기념관 앞에서 세월호 참사 9주기 시민대회가 열리고 있다. 연합뉴스세월호 참사 관련 시민단체들이 8일 세월호 참사 9주기 시민대회를 개최했다. 이들은 세월호참사 유가족과 시민에 대한 국가폭력을 사과하고 사회적참사특별조사위원회의 권고를 국가가 이행할 것을 촉구했다.4·16연대와 4·16세월호참사가족협의회는 이날 오후 2시 용산 전쟁기념관 앞에서 세월호 참사 9주기 시민대회를 열고 “국가폭력 책임을 인정하고 사과하라”, “사참위 권고 이행하고 책임있는 후속조치 이행하라”, “세월호참사 피해자에 대한 혐오모독과 2차 가해 중단하라” 등의 구호를 외쳤다. 이들은 삼각지역, 서울역 등을 행진한 뒤 세월호 기억관이 마련된 서울시청 앞에서 마무리집회를 가졌다.이정미 정의당 대표는 이날 마무리집회에 참석해 “빠르게 흘러간 시간을 돌아보지만 여기 계신 유가족분들은 9년 전 바로 그 시간에 머물러 있을 것”이라며 “나라가 지켜주지 못한 억울한 죽음은 자식을 묻어야 하는 세월호 유가족의 가슴에 피멍을 새겼다”고 말했다. 그러면서 “이 자리에 모인 모든 유가족, 피해자, 시민 여러분께 대한민국 정치인의 한 명으로서 다시 한번 진심으로 사과드린다”며 “2개월 전 법원은 세월호 참사 유가족들을 향한 국가의 2차가해 손해배상 책임을 인정했다. 그러나 윤석열 정부는 박근혜 정부의 반인륜적인 악행을 그대로 답습하고 있다”고 질타했다.김동연 경기도지사는 이날 경기 안산시에 위치한 4·16 기억교실을 방문했다. 김 지사는 이날 오후 자신의 사회관계망서비스(SNS)에 글을 올려 “언젠가 만날 그리운 가족을 위해 기운내고 씩씩하게 사시도록 유가족들께 위로를 드렸다”며 “우리 1400만 경기도민 모두 별이 된 희생자들을 잊지 않겠다. 영원히 기억될 추모시설 건립에 최선을 다하겠다”고 전했다.한편 민주노총 공공운수노조 화물연대본부와 전국건설노동조합도 각각 여의도 국회의사당과 정부서울청사 앞에서 정부 규탄 집회를 열었다. 시청역 인근에서는 ‘윤석열 퇴진, 김건희 특검’을 요구하는 제34차 촛불대행진이 진행됐다.
		",경향
"
박진 “상당수 문건 조작된 것으로 평가”



박진 외교부 장관이 12일 국회 의원회관에서 열린 국민의힘 공부모임 국민공감에서 ‘글로벌 중추국가 비전과 외교전략’ 특강을 하고 있다. 연합뉴스정부와 여당은 미국 중앙정보국(CIA)의 대통령실 도청 의혹과 관련해 도청 내용이 담긴 문서의 일부가 조작됐을 수 있다는 입장을 되풀이하고 있다. 하지만 문서 조작과 관련해는 “상당수 위조” “일부 위조” “미국 정부가 조사 중”으로 설명이 엇갈리고 있다. 도청 의혹 자체에 대해서 “터무니없는 거짓” “악의를 가지고 했다는 정황은 없다”며 오락가락 해명을 내놓고 있다. 도청 의혹과 관련해 미국에 대한 구체적 해명과 사과 요구 등 원칙적 대응은 외면한 채 논란만 피하고 보겠다는 태도다. 한·일 정상회담을 앞두고 일본에 일방적인 양보를 한 데 이어 한·미 정상회담을 앞두고 다시 대미 저자세 외교를 하고 있다는 비판이 이어지는 것은 이때문이다.박진 외교부 장관은 12일 미국 정보기관의 대통령실 도·감청 의혹과 관련해 “대통령실에서도 발표가 있었지만 상당수의 문건이 조작된 것으로 평가하고 있다”고 말했다.박 장관은 이날 국회에서 열린 국민의힘 친윤석열계 공부모임 ‘국민공감’ 강연 후 기자들과 만나 “미국과는 긴밀히 소통하고 있다”며 이같이 밝혔다. 그는 이어 “미국 정부가 지금 진상을 파악하고 있기 때문에 그것이 파악이 되면 한·미 간에 정보를 공유하게 될 것”이라고 말했다.박 장관은 “한·미동맹의 중요성은 모든 국민이 안다”며 “70주년을 맞는 역사적 해이기 때문에 윤석열 대통령의 국빈 방문을 통해 한·미동맹이 다시 새롭게 다져질 수 있는 계기가 되길 바란다”고 말했다.박 장관은 한국산 포탄 50만발을 미국에 대여 형식으로 제공하기로 양국이 합의했다는 문서도 있다는 보도에 대해선 “제가 지금 확인해드릴 수 있는 내용은 없다”며 “정부는 우크라이나에 대해서 살상무기는 지원하지 않는다는 입장을 가지고 있다”고 밝혔다.정상회담을 앞두고 미국을 먼저 찾은 김태효 국가안보실 1차장은 11일(현지시간) 워싱턴 인근 델러스공항에서 기자들과 만나 미국 정부의 도·감청 의혹에 대해 “현재 이 문제는 많은 부분에 제3자가 개입돼 있으며 동맹국인 미국이 우리에게 어떤 악의를 가지고 했다는 정황은 발견되지 않고 있다”고 밝혔다. 전날 대통령실이 대변인실 명의로 낸 공지문에서 도청 의혹은 “대통령실 도청 의혹은 터무니없는 거짓”이라고 밝힌 것과 뉘앙스가 달라졌다. 또 외국 정보기관의 대통령실 도청 의혹은 국가 주권의 문제임에도 선의와 악의로 구분하는 것은 논리에 맞지 않다. 도청 의혹과 관련해 미국 정부 입장을 두둔하려 입장으로 평가된다.김 차장은 ‘유출된 미국 기밀 문건 전체가 조작됐다는 의미인가’라는 질문에 “미국 국방부 입장도 있고 현재 (미국) 조사가 진행 중”이라며 “많은 것이 혼란스러운 상황에서 우리가 섣불리 얘기할 수 없다”고 말했다. 그는 이어 “어제 제가 말씀드린 사실은 미국이 확인을 해줬고 어떤 것이 어떻다 하는 것은 우리도 시간을 갖고 기다려봐야 할 것 같다”고 덧붙였다.김 차장은 ‘김성한 전 안보실장 등과 관련된 기밀 문서상 대화가 조작됐다는 의미인가’라는 질문에는 “그 얘기는 구체적으로 묻지 말라. 어제 제가 한마디로 했고 거기에 모든 것이 다 함축돼 있다”고 답했다.전날 김 차장은 출국 전 인천공항에서 기자들에게 “공개된 정보 상당수가 위조됐다는 데 대해서 한·미의 평가가 일치한다”고 말했다. 그는 미국 측에 어떤 입장을 전달할 계획인가를 묻는 질문에는 “(전달)할 게 없다. 누군가가 위조를 한 것이니까”라고 했다.하지만 존 커비 백악관 국가안전보장회의 전략소통조정관은 지난 10일 브리핑에서 “일부가 조작된 것으로 안다”면서 “당장 조작되지 않은 것으로 보이는 모든 문서들의 유효성에 대해서는 말하지 않겠다”고 밝혔다.  그는 이어 “우리는 이 사안을 매우 심각하게 받아들이고 있다”면서 “우리는 끝까지 조사해 필요한 조치가 있으면 취할 것”이라고 강조했다. 또 “우리는 정보뿐만 아니라 정보가 수집된 방식도 보호해야 한다”며 도청 여부에 대해 언급을 피했다.윤 대통령의 미국 국빈방문 조율을 위해 이날 3박4일 일정으로 방미한 김 차장은 “안보, 외교, 경제 분야를 두루 만날 것”이라고 말했다. 그는 정상회담 의제와 관련해선 “경제 안보 이슈, 군사 안보 이슈 그리고 사회 문화 이슈에서 각각 몇 가지 중요한 주제들이 남아 있다”면서 “마지막으로 확인하고 또 국민들이 알기 쉽게 국익을 충분히 충족시키는 방향으로 해설이 잘되도록 마지막 쟁점을 잘 해결할 생각”이라고 말했다.
		",경향
"
| 박병률 기자지난달 국민의힘 전당대회가 열리던 날, 서울 서대문 인근의 한 식당. 김기현 당대표의 당선 뉴스를 보던 한 시민이 이렇게 툭 내뱉었다. “허허, 중국 공산당 대회 같네.”



박병률 경제부장 나이 지긋한 그 시민이 보수 지지자였는지 진보 지지자였는지 나는 알지 못한다. 다만 그의 말을 듣고 다시 TV 화면을 바라보니 김 대표가 아닌 중국 어느 정치인으로 인물을 바꾼다면 그의 말도 틀린 것이 아닐 수도 있겠다 싶어 혼자 피식 웃음이 났다.개인적으로 박근혜 전 대통령의 업적(?) 중 하나는 빨강을 정치에 돌려준 것이라고 생각한다. ‘레드’는 한국 정치에서 오랫동안 금기시되던 색이었다. 공산당이 연상되다보니 소수 진보정당을 제외하고는 감히 쓸 수 없는 색깔이었다. 국민의힘은 민정당 때부터 파랑을 고수했고, 민주당은 녹색과 노랑을 써왔다. 2012년 새누리당이 빨강을 채택하자 당내외에서 격론이 벌어졌지만 박근혜 당시 비상대책위원장의 뜻은 확고했다. 친박계는 “빨강은 열정을 상징한다”며 보수여론을 적극적으로 설득했다. 불만은 여전했지만 박근혜의 결정이니 보수는 따를 수밖에 없었다. 한국 정치가 아니 한국 사회가 ‘레드 콤플렉스’에서 벗어난 결정적 장면이었다.18대 대선에서 승리하고 들어선 박근혜 정부에서 기억나는 정책적 성과는 증세다. 이명박 정부의 감세로 정권 출범부터 세수 부족에 시달리자 2013년 박근혜 정부는 소득공제를 세액공제로 바꾸며 소득세를 증세했다. 최근 만난 박근혜 정부 관계자는 “증세가 아니라 비정상의 정상화”라고 강조하지만 표현이야 어찌 됐든 결과적으로는 증세였다. 여론의 반발에 정부는 열흘 만에 소득세법 개정안을 다시 내야 했다. 중산층의 세부담은 완화시켜줬지만 고소득층의 세부담은 그대로였다. 이어 담뱃세를 인상했다. 임대소득과세, 금융소득과세의 틀도 이 시기에 구체화됐다. 당시 국세청도 종합소득세나 법인세를 걷을 때 매우 깐깐해졌다는 얘기가 파다했다. 감세를 기대했던 보수 지지층으로서는 불만이 적지 않았겠지만 자신들이 지지하는 박근혜 정부의 결정이었다. 정권 후반부로 가면서 곳간이 채워지기 시작했고, 이는 2019년 전대미문의 코로나19가 닥쳤을 때는 문재인 정부가 쓸 수 있는 재원이 됐다.참여정부도 지지자들의 반대를 설득하며 중요한 정책을 많이 추진했다. 한·미 자유무역협정(FTA)은 지지자들의 이탈과 지지율 폭락을 가져왔지만 노무현 당시 대통령은 장고를 거듭하며 협상을 이어나갔다. 농민운동가 출신인 박홍수 의원을 농림부 장관으로 임명해 반발하는 농민들을 설득했다. 미국산 쇠고기는 30개월 연령 미만의 뼈 없는 살코기만 수입을 허용하는 등 세심한 디테일도 놓치지 않았다. 100년 만의 개혁이라 불리던 항만노조 상용화도 노조의 반발에도 불구하고 이뤄낸 성과였다. 항만 인력을 항운노조가 공급하는 것이 아닌 하역회사가 뽑는 것으로 바꾸면서 매년 전국의 물류가 멈춰 섰던 항만노조발 물류대란은 사라졌다. 부안사태를 불러왔던 중저준위 방폐장 건설도 빼놓을 수 없다. 시민사회단체의 큰 반발이 있었지만 지속적으로 설득하고 대안을 마련하면서 19년간 멈춰 있던 국가적 과제를 해결했다는 평가를 받는다. 당시 경주에서 열린 착공식에서 노 전 대통령이 “경주시민 여러분 기쁘시지요? … 걱정도 좀 있지요?”라고 묻던 장면은 오래 기억에 남았다.다음달이면 윤석열 정부가 출범 1주년을 맞는다. 그간 윤석열 정부가 추진해온 주요 정책들을 돌아보면 대개 지지자들을 향해 있다. 첫번째 세법개정안은 고소득자·고자산가의 대규모 감세안이었다. 노동시간은 69시간으로 확대하고, 검찰 인맥을 요직에 배치하면서 검찰의 힘을 빼려던 ‘검수완박’의 취지는 무력화됐다. 지지자들을 설득해야 하는 어렵고 까칠한 정책은 보이지 않는다. 국가적 난제 중에는 보수정부가 풀어야 잘하는 것들이 있고, 진보정부가 풀어야 잘하는 것들이 있다. 국민적 합의를 이루기 위해서는 야당의 협조를 받아야 하는데 그러려면 먼저 지지세력부터 설득해야 한다. 지금처럼 집토끼를 위한 정책만으로는 국민적 공감대를 얻기 힘들다. 당장 국민연금 개혁이나 고준위 방폐장 건설 등의 과제가 닥쳤는데 윤석열 정부는 해결할 힘이 있을까. 국정운영의 큰 변화가 없다면 개인적인 의견은 부정적이다.
		",경향
"




지난 3월 한일 비즈니스라운드테이블 참석한 주요 그룹 총수들 [자료사진: 연합뉴스 제공]이달 하순 예정된 윤석열 대통령의 미국 국빈 방문에 4대 그룹과 주요 경제단체 등 122개 기업과 단체가 동행합니다.윤 대통령 방미에 동행할 경제사절단에는 대기업 19개사와 중견기업 21개사, 중소기업 64개사, 공기업 4개사와 14개 경제단체가 포함됐습니다.삼성, SK, 현대차, LG 등 4대 그룹 총수와 대한상공회의소, 전경련, 한국경영자총협회, 한국무역협회, 중소기업중앙회, 한국중견기업연합회 등 경제 6단체장이 동행할 예정입니다.경제사절단은 전경련과 미국상공회의소가 주관하는 한미 첨단산업 포럼과 백악관 환영 행사, 중소벤처기업부 주최 한미 클러스터 라운드테이블에 참석해 양국의 경제 및 산업 협력 방안을 논의할 계획입니다.
",mbc
"
[뉴스데스크]◀ 앵커 ▶전세사기 피해자들의 고통을 당장 덜어줄 특단의 대책이 필요하다는 목소리가 커지고 있는 가운데, 윤석열 대통령이 오늘 전세사기 피해 부동산의 경매 일정을 중단하라고 지시했습니다.당장 집에서 쫓겨날 처지에 놓인 세입자들에게 시간을 벌어주자는 취지입니다.손하늘 기자입니다.◀ 리포트 ▶윤석열 대통령은 오늘 직접 주재한 국무회의에서 전세사기 피해자들의 비통한 소식이 잇따르고 있다며 안타까움을 나타냈습니다. 또 정부의 대책에도 불구하고 전세사기 피해자가 계속 나오고 있다며, 사각지대를 선제적으로 조사하라고 주문했습니다.[윤석열 대통령]""정부 대책이 현장에서 제대로 작동하고 있는지 점검하고 또 점검해 주시기 바랍니다.""비공개로 전환된 회의에서 원희룡 국토장관은 전세사기에 연루된 부동산의 경매를 중단하거나 유예하는 대책을 보고했고, 윤 대통령은 이를 재가했습니다.[이도운/대통령실 대변인]""전세사기 피해와 관련한 경매일정의 중단 또는 유예 등 대책을 재가한 뒤에 '그 같은 민사 절차상의 피해구제도 필요하다'(고 말씀하셨습니다.)""이에 따라 공공기관인 자산관리공사가 갖고 있는 부동산 매물은 즉각 경매 절차를 멈추고, 은행 등 금융기관이 보유한 매물도 경매 일정을 연기하도록 금융권에 요청하기로 했습니다.세입자가 원래 집에 머무르면서 정부의 지원을 받거나 거처를 옮길 수 있도록 시간을 벌어주자는 겁니다. 여야 정치권도 전세 사기에 가담한 공인중개사와 감정평가사에 대한 제재를 강화하는 법안 등을 조속히 처리하고, 피해 세입자를 지원할 수 있는 방안 마련에 속도를 내기로 했습니다.[박대출/국민의힘 정책위의장]""후속대책 법안 13개 중 8개는 개정이 완료되었지만, 아직 남은 나머지 법안도 조속히 개정을 완료할 수 있도록 최선을 다하겠습니다.""[김성주/더불어민주당 정책위 수석부의장]""보증금이라도 온전히 보장받을 수 있는 긴급 대책이 필요합니다. 피해 보증금에 대해 선보상하고 나중에 구상권을 청구하는 방법도 있습니다.""국토부와 법무부, 금융위원회도 합동으로 빠른 시일 내에 전세사기 특별 대책을 마련해 발표할 예정입니다. MBC뉴스 손하늘입니다.영상취재: 김해동/영상편집: 신재란MBC 뉴스는 24시간 여러분의 제보를 기다립니다. ▷ 전화 02-784-4000▷ 이메일 mbcjebo@mbc.co.kr▷ 카카오톡 @mbc제보
",mbc
"




윤석열 대통령의 국정 지지율이 27%로 나타났습니다.한국갤럽이 지난 11일부터 13일까지 전국 성인 1,002명을 대상으로 조사한 결과 윤 대통령의 직무 수행 긍정 평가는 27%, 부정 평가는 65%를 기록했습니다.한국갤럽 조사 기준으로 윤 대통령에 대한 긍정평가 27%는 최근 6개월 사이 최저치입니다.긍정 평가 이유로는 외교가 13%, 노조 대응과 결단력·뚝심이 각각 6%, 국방·안보, 공정·정의·원칙이 5%로 조사됐습니다.부정 평가 이유 역시 외교가 28%, 경제·민생·물가가 10%로 조사됐습니다.한국갤럽은 ""대통령 직무에 대한 긍정·부정 평가 양쪽에서 일본 비중이 줄고 외교 관련 언급이 늘었다""며 ""이는 미국의 동맹국 도·감청 정황, 우리 정부의 대응 등과 무관치 않아 보인다""고 분석했습니다.이번 조사의 오차범위는 95% 신뢰 수준에서 ±3.1%p로, 이 밖의 자세한 내용은 중앙선거여론조사심의위원회 홈페이지를 참조하면 됩니다.
",mbc
"




대검찰청 청사 [자료사진 제공 : 연합뉴스]시민단체가 윤석열 검찰총장과 서울중앙지검장 시절 검찰의 특수활동비를 공개하라면 낸 정보공개청구 소송에서 최종 승소했습니다.  대법원 2부는 시민단체 '세금도둑잡아라' 하승수 대표가 검찰총장과 서울중앙지검장이 특활비 정보공개를 거부한 처분을 취소해 달라며 낸 소송에서, 2심 승소 판결을 추가 심리없이 그대로 확정했습니다.  이에 따라 대검찰청은 윤석열, 문무일, 김수남 전 총장 시절인 2017년 1월1일부터 2019년 9월30일까지 지출한 특수활동비와 업무추진비 지출 내역과 증빙서류를, 서울중앙지검은 윤석열, 이영렬, 배성범 전 지검장 시절 지출 내역 등을 공개해야합니다.  특활비는 기밀 유지가 필요한 수사나 정보수집, 국정 수행에 쓰는 경비로, 검찰은 연간 90억 가량을 특활비 명목으로 쓰는데 수사 기밀이란 이유로 그간 공개하지 않았습니다. 작년 12월 서울고법은 ""수사 과정에 소요되는 경비의 집행 일자와 집행 내역을 공개한다고 해서 구체적인 수사 활동에 관한 사항이 노출된다고 보기는 어렵다""고 소송을 낸 시민단체의 손을 들어줬습니다.
",mbc
"




[사진 제공: 연합뉴스]윤석열 대통령은 오늘 ""디지털플랫폼 정부 추진으로 인공지능 AI와 소프트웨어 분야 등에서 고용 창출이 일어날 것이라고 말했습니다.대통령실에 따르면 윤 대통령은 오늘 오전 청와대 영빈관에서 '디지털플랫폼정부 실현계획 보고회'를 주재하고 ""국민이 원하는 정보를 맞춤형으로, 선제적으로 제공할 수 있도록 할 것""이라며 이같이 말했습니다.디지털플랫폼 정부는 AI를 기반으로 각 부처와 기관에 흩어져 있는 정보를 하나의 플랫폼에 통합하는 국민 맞춤형 서비스 정부를 의미합니다.정부는 챗GPT 등 민간의 인공지능 AI 인프라에 정부 문서, 보도자료를 학습시켜 정부 전용 초거대 AI를 만들 계획입니다.예를 들어 국세는 홈택스, 지방세 위택스, 복지신청은 복지로 등 개별 홈페이지를 방문할 필요 없이 하나의 ID로 모든 공공서비스를 이용할 수 있도록 범정부 통합 창구를 구축하겠단 겁니다.또 정부 서비스에 필요한 첨부서류를 모두 없애 연간 2조원을 아끼고, 공공부문의 종이 사용량을 50% 감축할 계획입니다.윤 대통령은 ""플랫폼을 활용하면 할수록 더 많이 학습하고 진화함으로써 국민이 어떤 것을 원하는지 더 잘 알 수 있다""며 ""지난 30년간 추진해온 전자정부와는 차원이 다른 것""이라고 강조했습니다.아울러 산업 분야에서도 전후방 효과를 일으킬 것이라면서 ""우리 산업의 지형과 사회가 변화하는 것은 예측할 수 없을 정도로 막대할 것""이라고 말했습니다.오늘 보고회는 대통령 직속 디지털플랫폼정부위원회가 지난해 9월 출범한 이후 일반 국민, 전문가, 기업인 등이 함께 모인 첫 행사입니다.고진 디지털플랫폼정부위원장과 이종호 과학기술정보통신부 장관 등이 참석했고, 국민의힘 윤재옥 원내대표 등 국회 인사, 일반 국민들도 자리했습니다.
",mbc
"




윤석열 정부가 첫 발간한 '통일백서 2023'에서 한반도의 정세불안과 남북 교류 단절이 북한의 핵 위협과 군사 도발에 있다고 밝혔습니다.정부는 백서 1장에 ""북한은 우리와 미국에 대한 강경 입장을 고수했고 만성적인 경제난 속에서도 핵·미사일 위협과 도발을 지속하면서 한반도의 안보불안을 가중시켰다""고 적시했습니다.또 북한 도발에 대해 '일체의 무력도발 불용', '단호한 대처' 등의 표현을 사용하며 강경하게 대응해 나갈 것이란 점을 분명히 했습니다.또 지난해까지 사용한 '한반도 비핵화'와 '북미관계'라는 표현을 '북한 비핵화', '미북관계'로 각각 바꿔서 사용했습니다.
",mbc
"




일제강제동원피해자지원재단 [사진 제공: 연합뉴스]지난 2018년 대법원에서 승소를 확정한 강제징용 피해자 15명 가운데 10명의 유가족이 정부의 '제3자 변제' 해법을 수용하고 배상금을 수령하기로 했습니다.서민정 외교부 아시아태평양국장은 오늘 기자들과 만나 ""정부 해법에 대해 수용 의사를 밝힌 대법원 확정판결 피해자 10분의 유가족들께 판결금과 지연이자를 지급할 예정""이라고 밝혔습니다.서 국장은 ""(유가족들이) 이 문제가 조속히 해결되길 바란다는 의견을 표명하고 정부 해법에 따른 판결금 지급을 수용했다""고 말했습니다.외교부는 일제강제동원피해자지원재단이 민간의 자발적 기여로 재원을 조성해, 확정판결 피해자 15명의 판결금과 지연이자를 일본 피고 기업 대신 지급한다는 해법을 지난달 6일 공식 발표한 바 있습니다.나머지 피해자 5명 측은 재단에 내용증명을 보내 정부 해법을 거부한다는 뜻을 공식적으로 밝혔으며, 여기에는 일본제철 피해자 이춘식 할아버지, 미쓰비시 근로정신대 피해자인 양금덕·김성주 할머니 등 생존 피해자 3명이 포함돼 있습니다.
",mbc
"




사진 제공:연합뉴스4.5 전주을 국회의원 재선거에서 당선된 강성희 진보당 의원은 ""윤석열 검찰 독재 정권을 심판하고 민주주의와 민생 정치를 실현하겠다""고 말했습니다.  강 의원은 오늘 오전 첫 국회 등원 길에 본청 앞 계단에서 기자회견을 열고, ""국회의사당 안에서 진보당의 목소리가 들린다면, 그것은 윤석열 정부에 대한 가장 강력한 경고이자, 변화의 신호탄이 될 것""이라며 이 같이 말했습니다. 강 의원은 또 ""윤석열 정권을 심판하기 위해서는 진보·민주개혁 세력의 단결과 연대가 필수적""이라며 ""정권 심판에 동의하는 정치세력이라면 누구와도 만나, 대화하고 설득하며 무너진 민주주의를 회복하고 국민의 삶을 지키겠다""고 말했습니다. 그러면서 ""1년 앞으로 다가온 내년 총선과 2027년 대선에서 야권의 압도적 승리와 정권교체의 밑거름이 되어, 전주시민의 선택이 틀리지 않았음을 반드시 증명하겠다""고 덧붙였습니다.
",mbc
"
<하승수 세금도둑잡아라 공동대표>- '격려금' 명목으로 현금을? 검찰끼리 특활비 여러 유형으로 나눠써- 검찰은 400억대가 넘는 돈 어떻게 썼는지 공개해야- 방대한 특활비 자료.. 정보공개를 서둘러야 한다고 독촉할 생각- 검찰 특활비 제대로 공개돼야 국민 세금 제대로 쓰여
* 아래 텍스트는 실제 방송 내용과 차이가 있을 수 있으니 보다 정확한 내용은 방송으로 확인하시기 바랍니다.■ 프로그램 : 신장식의 뉴스하이킥 (MBC 라디오 표준FM 95.9Mhz / 평일저녁 6시5분~8시■ 출연자 : 하승수 세금도둑잡아라 공동대표☏ 진행자 > 시민단체가 검찰총장과 서울중앙지검장을 상대로 특수활동비와 특정업무경비 지출 기록을 공개하라면서 낸 행정소송에서 대법원 판결로 최종 승소했습니다. 이 소송을 제기한 시민단체 세금도둑잡아라 공동대표 하승수 변호사 연결합니다. 안녕하세요.☏ 하승수 > 안녕하십니까.☏ 진행자 > 대법원 최종 확정 판결 받으신 거죠?☏ 하승수 > 어제 오후에 대법원에서 검찰이 상고를 했었는데요. 검찰의 상고를 기각한다는 판결을 어제 오후에 받았습니다.☏ 진행자 > 이게 꽤 시간이 걸렸던 것 같아요. 얼마나 걸렸죠? 소송 전체가.☏ 하승수 > 소송 제기한 게 2019년 11월이니까 3년 5개월 만에 대법원 확정 판결까지 받은 겁니다.☏ 진행자 > 고생하셨습니다. 그동안 세금도둑잡아라 시민단체 우리 하승수 공동대표께서 여러 군데 상대로 해서 정보공개청구 소송도 하시고 하셨는데 이 지출기록, 특히 검찰총장과 중앙지검장 지출기록을 반드시 공개해야 된다. 왜 그렇습니까?☏ 하승수 > 사실 20대 국회 때 국회 상대로 4건의 정보공개 소송을 해서 국회에서 쓰는 특수활동비 특정업무경비 또 입법 및 정책개발비라는 예산을 자료를 공개 받았었는데요. 공개 받은 내용을 보고 그중에 일부는 사실 예산 부정사용이라고 볼 수 있는 경우도 있었고 또 낭비라고 볼 수 있는 경우도 있어서 어쨌든 국회 같은 경우는 정보가 공개된 이후에 지금 국회 특수활동비 예산이 그건 저희만이 아니라 참여연대 같은 시민단체도 같이 했었는데요. 그래서 국회 특수활동비 예산이 지금 80%가 삭감이 돼서 20%로 줄었습니다. 그게 저는 정보공개의 의미라고 생각하고요. 그리고 국회의원들 중에 일부 예산을 잘못 부정하게 쓴 사람들은 지금 벌금으로 기소된 사람도 있고 보좌진이 기소된 경우도 있고 그래서 사실은 어떻게 보면 정보가 감춰져 있을 때는 부정행위나 낭비 같은 게 은폐가 되지만 정보가 공개되면 그만큼 잘못도 바로잡아지고 또 그만큼 국민 세금을 제대로 쓰게 만드는 효과가 있다고 생각합니다.☏ 진행자 > 정보공개를 청구한 게 특정기간을 정해서 정보공개청구를 하셨는데 2017년 1월 1일부터 2019년 9월 30일까지 특활비 등의 집행내역과 지출증빙 서류를 공개하라, 이렇게 요구하신 거죠. 대검찰청과 중앙지검.☏ 하승수 > 예.☏ 진행자 > 당시 검찰총장은 김수남, 문무일, 윤석열. 서울중앙지검장은 이영렬, 윤석열, 배성범 이렇게 돼 있던데 이때 지금 총액은 먼저 공개가 됐나요? 148억이다 이렇게.☏ 하승수 > 총액은 검찰 특수활동비 같은 경우는 액수가 연도별로 줄어왔는데요. 어쨌든 2017년 같은 경우는 160억이 넘었고 2019년 같은 경우는 그게 100억 대로 줄어드는 상황이었는데 어쨌든 합치면 300억이 훨씬 넘는 금액입니다. 정보공개 청구한 기간 동안에 쓴 특수활동비만 하더라도. 그리고 특정업무경비도 한 1년에 30억 보다 조금 적은 정도 20억대 후반대로 쓰고 있어서요. 사실 다 합치면 한 400억대가 넘는 돈 그 예산 사용에 관한 어떤 기록을 공개하라는 지금 판결이 났다고 볼 수 있습니다.☏ 진행자 > 여기 보면 중앙지검장 윤석열, 검찰총장 윤석열 이 두 중앙지검장과 검찰총장에 대한 특수활동비 특정업무경비 관련해서는 윤석열 현 대통령과 관련된 내용이 기간이 많이 포함돼 있어서 특히 관심을 많이 갖는 것 같은데 국민들이. 특별히 검찰총장, 중앙지검장의 특활비가 공개돼야 되는, 다른 공무원들도 마찬가지겠지만 특별히 더 검찰총장이나 중앙지검장의 특활비가 공개돼야 되는 이유는 뭡니까?☏ 하승수 > 사실은 그동안 일종의 대표적인 권력기관을 상대로 순차적으로 감시활동을 하고 있는 건데요. 그건 제가 활동하는 세금도둑잡아라 포함해서 시민단체들하고 뉴스타파라는 독립언론까지 같이 해서 그래서 20대 국회 때 국회를 한번 다 했었고 2019년부터 검찰을 해보자라고 했고 검찰을 하다 보면 당연히 검찰총장과 서울중앙지검장이 가장 중요한 자리니까 그 자리에 있는 분들이 쓴 예산을 한번 들여다보자 이렇게 된 건데요. 그런데 사실 그 당시 검찰총장 하시던 분이 대통령까지 되실 거라고는 그 당시로서는 전혀 생각을 못했고 저희가 그냥 검찰 조직에서 가장 중요한 사람이 검찰총장과 서울중앙지검장이니까 그 두 자리에 있는 분들이 쓴 특수활동비 특정업무경비 이런 것들을 한번 들여다보자 그래서 청구하고 소송하게 된 건데요. 소송 중에 윤석열 대통령께서 지금 검찰총장이 아니라 대통령까지 되시는 바람에 사실 여론의 관심이 더 높아진 면은 있는 것 같습니다.☏ 진행자 > 지금 일부는 이런 이런 형식으로 어떤 정보는 공개하고 어떤 정보는 공개하지 말라, 이렇게 부분적으로 제한을 두기는 했죠? 법원에서.☏ 하승수 > 예, 법원에서 비공개로 자료를 다 봤고요.☏ 진행자 > 일단 비공개로 자료는 다 받아라.☏ 하승수 > 비공개로 자료를 다 봤습니다. 재판부는. 저는 못 봤지만 재판부는 봤고 그래서 재판부가 굉장히 꼼꼼하게 공개 비공개 내용을 분류를 해줬는데요. 비공개하는 건 예를 들면 특수활동비 같은 경우는 특수활동비를 수령한 사람, 그리고 사건 번호 같은 게 나올 수 있는 집행명목 이건 비공개고, 나머지 특수활동비를 쓴 날짜나 금액이나 또 특수활동비를 쓰려면 이제 내부 결재나 이런 걸 받았을 건데요. 그런 내부결재서류나 영수증 같은 것들은 공개하라는 취지였고 특정업무경비도 수사에 쓰는 돈이라고 검찰에서 계속 주장하고 있기 때문에 그렇다면 쓴 사람이나 예를 들면 그런 수사 규모를 추정할 수 있는 내용들 이런 것들은 비공개하더라도 나머지는 다 공개하라는 그런 취지입니다.☏ 진행자 > 검찰이 상고할 때 업추비 지출 증빙 서류에 포함돼 있는 식대 영수증 같은 거는 줄 수 없다, 이거 수사 기밀이다 이런 취지의 상고 이유를 밝혔었던 걸로 언론에 보도가 됐었어요.☏ 하승수 > 그렇습니다. 1심, 2심에서도 그런 주장을 했었고요. 그리고 특정업무경비도 상당 액수는 아마 식당에서 쓴 것으로 추정되는데 어쨌든 특정업무경비나 업무추진비로 쓴 식당 이름은 수사 기밀이라는 주장했지만 1심, 2심은 물론이고 대법원도 그건 받아들이지 않았습니다.☏ 진행자 > 식당 이름이 수사기밀이라고요?☏ 하승수 > 네, 검사나 검찰 공무원들이 밥 먹는 식당 이름은 수사 기밀이라는 주장해서 약간 상식에 맞지 않는 주장인데 어쨌든 법원에서는 당연히 받아들이지 않았습니다.☏ 진행자 > 그렇군요. 또 이런 얘기도 했었네요. 정보공개시 음식점 영업에 피해를 줄 수 있다.☏ 하승수 > 그런 이야기도 했습니다.☏ 진행자 > 그런데 국민들은 이런 생각을 하실 것 같아요. 저도 궁금한데 만약 그래도 공개를 안 하면 어떻게 해요? 그런 자료 없다 또 이렇게도 얘기를 하지 않았었나요.☏ 하승수 > 1심에서는 자료가 없다는 주장도 일부 했었는데 2심에서는 재판부가 말씀드린 것처럼 비공개로 자료를 다 봤습니다. 봐가지고 이런 이런 자료가 있고 이건 공개 이건 아주 예외적으로 비공개 이렇게 분류했기 때문에 지금은 자료가 없다는 주장을 할 수가 없고요. 그리고 정보공개를 하라는 취지의 판결이 났는데 검찰이 따르지 않으면 간접강제라는 절차가 있습니다. 그래서 공개하지 않으면 검찰에게 하루에 얼마씩 이렇게 일종의 징벌적 배상금 같은 걸 물리는 제도도 있고 또 사실 지금 상태에서도 공개를 안 하면 일종의 직무유기도 될 수 있기 때문에 그래도 검찰이 공개를 이번에는 하지 않겠나 생각하고 있습니다.☏ 진행자 > 간접강제 말고 실제로 강제할 수 있는, 간접강제라는 건 하루에 100만 원이면 100만 원, 1천만 원이면 1천만 원씩 내라고 하는 거잖아요. 세금도둑잡아라를 도와준다라고 하는 측면에서 그냥 간접강제로 돈으로 때우려고 할 가능성도 있지 않을까라는 의구심도 드는데.☏ 하승수 > 그렇지만 아무리 그래도 국가기관이니까 그렇게 돈을 물어가면서 정보를 비공개하는 건 굉장한 무리수일 것 같고요. 그렇지만 사실은 그런 절차까지 가는 것 자체가 사실은 검찰이 법원 판결을 무시하는 것이기 때문에 사법부의 권위를 부정하는 행태를 보이는 것이기 때문에 저는 이원석 검찰총장이 그런 무리수까지는 두지 않을 거라고 생각합니다.☏ 진행자 > 특활비가 실제로 그전에 무슨 돈 봉투 사건 이런 거 보면 위에 상급자가 하급자들에게 수사비라는 명목, 격려금이라는 명목으로 사실은 현금 격려금을 줬었다는 이런 언론보도나 폭로가 있었잖아요. 그런 식으로도 지금 많이 쓰였다라고 하는 의심, 국민들이 많이 갖고 있는데 어떻게 보세요?☏ 하승수 > 일단 현금으로 썼다는 건 검찰도 인정하고 있습니다. 대검찰청의 담당자가 검찰총장이 가지고 오라고 하면 현금으로 전달해서 검찰총장이 쓰는 식으로 그런 과정으로 썼다는 건 검찰도 인정하고 있는 거고요. 쓰는 용도와 관련해서는 지검 같은 산하 지방검찰청에 내려보내는 돈도 있고 대검에 있는 각 부서에 나눠주는 돈도 있고 또 검찰총장이 직접 쓰는 돈도 있고 그렇게 여러 가지 유형이 있는 것으로 알고 있습니다. 그런데 이번에 아마 자료가 공개돼야지 정확한 건 아마 파악이 될 것 같습니다.☏ 진행자 > 자료 공개 시점은 아직 특정돼 있는 건 아니죠?☏ 하승수 > 지금 사실 공개를 해야 되는데 검찰이 아마 자료 준비에는 시간이 걸릴 수가 있어서요. 워낙 자료가 방대하기 때문에 그래서 어쨌든 다음 주부터 검찰 측에 정보공개를 빨리하라고 독촉을 할 생각입니다.☏ 진행자 > 매우 평화롭게 독촉을 하겠다. 다음 주부터.☏ 하승수 > 평화롭지만은 않을 수 있는데요.☏ 진행자 > 검찰에서 하 변호사님 굉장히 힘들어 하시겠습니다. 정치적 공격 소재로 사실 정권이 바뀔 때마다 특활비와 관련된 논란이 많이 있었습니다. 이제 근본적으로 이 특활비 문제 어떻게 해야 된다, 어떤 제도적 대안이 있어야 될 것 같아요.☏ 하승수 > 아까 국회 사례 말씀드렸지만 공개가 되니까 사실 특수활동비로 쓸 필요가 없네 이래가지고 특수활동비 자체가 대폭 축소된 경우도 있고 해서 저는 어쨌든 특수활동비라는 돈 자체가 영수증을 안 붙일 수 있다라는 이유 때문에 어떻게 보면 권력기관들이 선호하는 게 아닌가. 그렇지만 사실 영수증을 안 붙이는 돈은 정말 아주 최소화해야 되기 때문에 저는 이번에 검찰특활비 공개가 아마 정부 전체적인 특수활동비를 개혁하는데 아주 시발점이 되지 않을까 생각하고 있습니다.☏ 진행자 > 최근에 하 변호사님 소위 일광횟집 관련해가지고 그 관련한 정보공개청구도 하셨죠?☏ 하승수 > 대통령실의 논란이 됐던 횟집에서 쓴 회식비 내용 같은 걸 청구했고요. 또 부산광역시에다가도 정보공개청구를 해놓은 상태입니다.☏ 진행자 > 누가 썼는지. 어떤 명목으로 썼는지 어느 기관에서 썼는지.☏ 하승수 > 어느 기관에서 얼마씩 썼는지를 확인해 보려고 그건 그야말로 예산 사용과 관련해서 궁금해서 한번 정보공개청구를 해본 겁니다.☏ 진행자 > 알겠습니다. 정보가 공개되면 검찰 특수활동비 그 내역을 상세히 분석을 해서 또 모시고 말씀 듣는 시간 갖도록 하겠습니다. 오늘은 여기까지 듣겠습니다. 감사합니다.☏ 하승수 > 감사합니다.☏ 진행자 > 세금도둑잡아라 하승수 공동대표였습니다.저작권자(c) MBC (www.imnews.com) 무단복제-재배포 금지
",mbc
"




[사진 제공: 연합뉴스]여의도를 제외하고는 큰 관심을 받지 못했던 국민의힘 원내대표 선거가 끝났습니다.윤재옥, 김학용 두 명의 후보만 출마했는데 두 명 모두 '친윤석열'계여서 밖에서 보기에는 대동소이해 보였지만 그래도 당내에서는 김학용 의원이 당선될 것이라는 전망이 우세했습니다.■ 윤재옥, '친윤' 김학용에 21표 차 승리



1년 남은 총선을 생각하면 당 대표인 김기현 의원이 울산 출신, PK이니 원내대표는 반드시 수도권 출신이 해야 한다는 논리가 상당히 설득력 있게 당 안팎에 퍼져 있었습니다. (윤재옥 의원은 대구 달서을, 김학용 의원은 경기도 안성이 지역구입니다.)그리고 김학용 의원이 나경원 의원에게 패한 2018년에 이어 두 번째 도전인만큼 유리하지 않겠느냐는 시각도 있었습니다. 한번 고배를 마신 후보에게는 동료 의원들이 약간(?) 마음의 부담을 가질 수 있기 때문입니다.그런데 결과는 예상과 달랐습니다. 윤재옥 의원이 투표에 참여한 109명 가운데 65표를 얻어 44표에 그친 김학용 의원을 21표라는 비교적 큰 차이로 따돌렸습니다.■ '친윤'대전?‥친윤에도 온도차윤재옥 의원의 승리가 단순히 'TK 승리-수도권 패배’로 정리되기에는 속사정이 좀 복잡합니다.국민의힘 의원들이 내년 총선에서 수도권을 중요하게 생각하지 않아서 김학용 의원을 선택하지 않은 것이 아니라, 일부 친윤계 주류에 대한 반발 심리가 작동한 것이라는 해석이 있습니다.김학용 의원과 가까운 장제원 의원 등이 김 의원을 미는 분위기가 오히려 역효과를 냈을 수 있다는 분석도 나옵니다. (김학용 의원과 장제원 의원은 김무성 전 대표 시절부터 굉장히 가까운 사이였습니다.)또 김학용 의원이 원내대표가 되면 원내수석부대표까지 강성 친윤계가 독식할 것이라는 소문이 돌면서 의원들의 표심이 막판에 크게 흔들렸다는 이야기도 들립니다.자신들이 공천에서 배제될 것을 우려한 '멀윤' 의원들이 사실은 상당히 많았다는 겁니다.최근 당 지지도 하락세도 한 몫 했다는 관측도 있는데, 결국 내년 총선 공천을 의식한 의원들이 종합적으로 계산기를 두드린 유불리 결과가 '윤재옥 원내대표'로 결정된 겁니다.■ ""네 당연히 도와야죠""‥의원들 대상 선거는 뚜껑 열기 전에는 몰라여의도에서 가장 예측하기 어려운 선거가 의원들을 대상으로 하는 선거입니다.직접 의원회관을 돌면서 ""도와달라""고 호소하는 동료 의원에게 ""못 찍어주겠다""라는 말을 하기가 어렵기 때문에 정말 원수같은 사이가 아니면 ""네 당연히 돕겠습니다"", ""잘 알겠습니다""라고 대답합니다.그래서 당내 선거에 출마하는 의원들은 일일이 이름 옆에다 동그라미(○), 세모(△), 곱표(×)를 쳐가면서 ""저 사람이 정말 나를 찍어줄까""를 분석하는데 그래도 표심을 착각(?)하게 되는 경우가 상당히 많습니다.■ PK 당대표에 TK 원내대표‥""정권 심판론 50% VS 안정론 36%""원내대표 선거를 끝으로 국민의힘은 내년 총선 준비 진용을 완비했습니다.그런데 PK 당대표에 TK 원내대표로 과연 총선의 승패를 좌우하는 수도권 표심을 움직일 수 얻을 수 있을까요?""대통령 얼굴로 총선을 치르겠다""고 했는데 윤석열 대통령의 지지율도 30% 초반에 머무르고 있고 국민의 힘 지지율도 비슷한 상황입니다.



[사진 제공: 한국갤럽]



[사진 제공: 한국갤럽]한국갤럽이 '현 정부를 지원하기 위해 여당 후보가 많이 당선돼야 한다'는 주장과 '현 정부를 견제하기 위해 야당 후보가 많이 당선돼야 한다'는 주장 중 어느 쪽에 더 동의하는지 물은 결과, 야당 후보가 많이 당선돼야 한다는 답변이 50%로 여당 후보가 많이 당선돼야 한다는 의견(36%)을 앞선 것으로 나타났습니다.



[사진 제공: 한국갤럽]정권심판론'이 '안정론'보다 14%포인트나 높게 나타난 겁니다. (한국갤럽이 지난 4일부터 6일까지 전국 만 18세 이상 1000명을 상대로 조사했고, 표본오차는 95% 신뢰수준에 ±3.1%포인트입니다. 자세한 조사개요와 결과는 한국갤럽 홈페이지 또는 중앙선거여론조사심의위원회 홈페이지를 참조하면 됩니다.)이런 민심을 향해 새롭게 들어선 국민의힘 지도부가 어떤 신호를 보낼지 지켜봐야겠습니다.
",mbc
"




=======================================================인터뷰 자료의 저작권은 KBS라디오에 있습니다. 전문 게재나 인터뷰 인용 보도 시, 아래와 같이 채널명과 정확한 프로그램명을 밝혀주시기 바랍니다. =======================================================- 헝클어진 윤석열 대통령 스타일 보고 국정운영에 대한 많은 고민하고 있구나 느껴져… 한편으로는 결연함도 보여- 전광훈 목사 문제? 이중 당적에 대해 지도부가 명확하게 하면 될 일, 이번 사건으로 완벽하게 결별할 수 있다고 생각- 태영호 최고위원 발언, 북한에서의 본인 체험과 경험 이야기하는 것… 하지만 정치인은 객관적이고 상식적인 역사관 가져야- 국민의힘에서 '돈 봉투'는 완벽하게 없어져, 단돈 10원도 구경 못했다- 이재명 대표, 본인 사법 리스크 뿐만 아니라 송영길 전 대표 돈 봉투 의혹까지 안고 가면 지옥 앞 낭떠러지에 서게 돼- 윤석열 정부에서 주 52시간 체제 무너뜨리는 일은 절대 없을 것■ 프로그램명 : KBS1라디오 <주진우 라이브>■ 코너명 : <정치의 맛> ■ 방송시간 : 4월 19일 (수) 17:05~18:55 KBS1R FM 97.3 MHz■ 출연자 : 김성태 국민의힘 중앙위원회 상임의장◇주진우: 꽉 막힌 우리 정치의 맥과 혈을 시원하게 뚫어드립니다. 매주 수요일 김성태가 풀어줍니다. <정치의 맛>. 꽉 막힌 정국 협치 전문 기술자, 분쟁 조정 해결사 김성태 국민의힘 중앙위원회 상임의장 오셨습니다. 어서 오세요.  ◆김성태: 안녕하세요. 김성태입니다.  ◇주진우: 잘 지내시죠?  ◆김성태: 요즘 집권당, 국민의힘이 잘 지낸다 그러면 그건 호사스러운 얘기죠.  ◇주진우: 그렇습니까?  ◆김성태: 마음이 다 불편합니다.  ◇주진우: 항상 이렇게 겸손한 자세.  ◆김성태: 윤석열 대통령, 국민의 지지도 지금 상당히 어려운 상황이고.  ◇주진우: 알겠어요.  ◆김성태: 우리 당도 그런 실정이고.  ◇주진우: 민주당 얘기 안 하시고 항상 ‘어렵습니다’ 하시고, 항상 이렇게 겸손해요. 항상 지역구 사람들 만나도 이렇게 인사하시고 항상 내려놓고 희생하고 그런다고 하시죠? ◆김성태: 그렇습니다. 이게 집권당일수록 국민들께 한없이 겸손한 모습. 권력의 완장 찬 모습은 제일 싫어하는 게 대중들이고 민초, 국민들이죠.  ◇주진우: 그렇죠. 오만하다, 고개 빳빳이 든다 그러면 바로 선거 때 응징받는다고. ◆김성태: 그렇습니다.  ◇주진우: 그런데 김성태 의장님은 이렇게 겸손하신데 다른 분들은 그렇지 않아요.  ◆김성태: 아닙니다. 저는, 요 근래 윤석열 대통령께서 지난 주말부터 수석회의나 또 국무회의를 주재하면서 헝클어진 모습. ◇주진우: 헝클어진 머리. 헤어스타일이 그냥 헝클어져서. 왜 그래요?  ◆김성태: 스프레이 포마드 바른 그런 단정한 머리 모양이 아니잖아요.  ◇주진우: 아니에요.  ◆김성태: 그러니까 제가 볼 때는 그 단면만 보더라도 윤석열 대통령께서도 여러 국정운영 난맥상에 많은 고민을 하고 있구나. 또 한편으로는 결연한 모습을 느낄 수가 있었어요.  ◇주진우: 그렇죠.  ◆김성태: 오늘 4.19 기념사에서도 나온 민주주의에 역행하는 그런 부분에 대해서는 싸워 나가겠다. 물론 가짜 뉴스, 허위 사실이 판치는 이 암담한 세상에 대한, 어떻게 보면 한탄일 수도 있지만 이렇게 가다가는 대한민국이 망가지는 거죠. 그렇지 않아도 진영 논리에서 이렇게 보수 진영이든 좌파 진보 진영이든 이렇게 해서 선이 쫙 그어져서 국민 통합이라는 걸 아예 기대도 못 하는 그런 상황이 된 이 암울한 지금 대한민국 상황. 이걸 대통령으로서 얼마나 힘들게 받아들이고 있겠습니까.  ◇주진우: 지난 토요일부터 헤어스타일이 바뀌었습니다. 헝클어진 머리로 그대로, 자연스러운 모습으로 그대로 나왔는데 그때 불호령이 떨어지고 이대로는 안 된다는 그런 지시가 내렸습니까?  ◆김성태: 제가 보기에는 당정, 그러니까 집권당 우리 국민의힘뿐만 아니라 현재 국무위원들, 그리고 용산…. 모두에게 던지는 그런 메시지라고 봅니다. ◇주진우: 그렇군요.  ◆김성태: 이런 걸 좀 우리가 다시 분발, 쇄신하고 또 새로운 각오로 국정운영에 전반적으로 다시 매진해야 하는 것이지, 국민들의 바람, 국민들의 목소리, 국민들이 뭘 원하는지 동문서답하는 형식의 그런 정치나 또 국가 정부의 정책이 난무하면 대통령에 대한 신뢰는 멀어질 수밖에 없으니까. 너희들 그렇게 해서는 안 된다는 저는 메시지라고 봐요.  ◇주진우: 알겠습니다. 신발 끈, 구두끈을 조여 매고 다시 뛰겠다 이렇게 생각한다. 좀 지켜보겠습니다. 메시지가 그렇게 나오고 있군요. 당은요. 당에서도 전광훈 목사 관련된 당원들 나가라 이렇게 얘기했는데 이게 근데 실효성이 있습니까? 출당 강제로 ‘당신들 나가세요!’ 이거는 안 되잖아요.  ◆김성태: 법적으로 단호한 의지를 보이는 거죠. ◇주진우: 그래요?◆김성태: 그러니까 이제 법적으로 이중 당적, 그러니까 이분들은 다 대체로 자유통일당. 전광훈 목사가 만든 당.  ◇주진우: 예전에는 기독당이었습니다. ◆김성태: 지금 다시 자유통일당이 됐습니다. 그 당원들이에요. 그분들이 왜 남의 당 국민의힘에 또 이중 당원으로 가입해서 전당대회라든지 또 최고위원 선출 또 당의 중요한 의사결정에까지 참여해서 자기네들의 목소리를 키우려고 하는 이 행위는 맞지 않는 거죠. 그렇기 때문에 이중 당적은 현재 현행법에 금지되고 있고 또 해당 법령을 위반하면 이건 처벌되는 거예요. 이걸 우리 국민의힘 지도부가 명확하게 하면 되는 겁니다.  ◇주진우: 그래요? 전광훈 리스크 끊어낼 수 있다? 끊어내겠다?  ◆김성태: 끊어내야죠. 그런 극우 정치를 하려면 당신이 만든 자유통일당에서 해라. 왜 국민의힘 말이야.  ◇주진우: 전광훈 목사가 왜 끌고 들어가느냐?  ◆김성태: 등에 업고 끌고 들어가서 마치 극우의 목소리가 우리 국민의힘을 다 좌지우지하는 것처럼 비치는 거 대단히 잘못된 거죠.  ◇주진우: 전광훈 목사한테 이렇게 강력하게 세게 말씀하시는 정치인들 별로 없는데 김성태 의장님 세게 말씀하시네요. 그런데 전광훈 목사가 결별, 국민의힘하고 결별하겠다 기자회견하는 날 있지 않습니까. 결별 안 하고 당원 가입 운동 하겠다. 그리고 공천권 당원들한테 돌려줘라 이런 얘기를 하셨잖아요. 그날 제가 전광훈 목사한테 물어봤어요. “목사님, 결별한다면서 왜 입장을 바꿨어요?” 그랬더니 국민의힘에서 나가지 말아 달라고 몇 사람 때문에 나가면 되냐고 지켜달라고 그런 전화 많이 받았다 이렇게 얘기하시던데요?  ◆김성태: 전 목사 기자회견을 열어서 국민의힘 당원 가입 운동을 되레 촉구했어요, 이분이. 자유 우파를 대변하는 국민의힘이 공천권을 국민이게 돌려줘야 한다 그러면서 그런 우리가 국민의힘 당원에 더 많이 가입해야만이 이 국민의힘이 진정한 보수 우파 정당이 된다, 이 이야기인 거죠. 저는 참 가관이다 싶었어요.  ◇주진우: 가관이요?  ◆김성태: 이게 한마디로 그동안 우리 국민의힘을 얼마나 우습게 봤으면 또 국민들 지탄으로부터 우리 당이 어떤 어려움을 겪고 있는지 아시는 분이면 저런 이야기를 할 수가 없는 거죠. 전 저걸 도와주는 게 아니라 극우 보수적인 자기만의 그런 목소리를 계속하겠다고 하면 자신이 만든 자유통일당을 통해서 그 목소리를 내면 돼요. 그 목소리가 거기에 반응이 안 되니까, 국민들로부터. 괜히 국민의힘 끌어다가 최고위원들 입 빌려서 그렇게 하면 안 되는 거죠.  ◇주진우: 그렇게 하면 안 되는데. 홍준표 대구시장이 전광훈 목사 얘기를 계속하니까 싸움을 이렇게 받아주니까 이 존재감이 더 커졌다, 이런 얘기도 있습니다.  ◆김성태: 그분으로서는 그렇게 생각할지 모르겠지만 국민의힘은 지금 전광훈 목사 추천으로 981명의 책임당원이 이중 당적 금지 대상이에요. 이분들에게 우리가 안내 문자 발송했습니다.  ◇주진우: 나가라?  ◆김성태: 그렇죠. 이중 당적 우리 당은 그런 이중 당적자 수용할 수 없다. 그러니까 정리해 달라 이 이야기죠.  ◇주진우: 그렇습니까?  ◆김성태: 네.  ◇주진우: 전광훈 목사를 믿고 전광훈 목사의 독려 때문에 국민의힘 당원 된 사람들이 훨씬 많을 텐데요? 2000년대 초반부터 국민의힘, 그러니까 보수당의 당적을 갖고 직접 국회의원들한테 당협위원장들한테 목소리를 내야 한다. 전광훈 목사가 하던 얘기입니다.  ◆김성태: 그런 걸 지금 단호하게 처리하지 못한 과거 지도부의 잘못이 있기 때문에 오늘 저런 목소리가 저렇게 커진 거 아닙니까?  ◇주진우: 알겠습니다.  ◆김성태: 지금부터라도 늦었다 생각하지 말고 전 목사와 관련성을 차단하기 위한 확실한 입장으로서 우리 당이 건강한 보수 정당으로 새롭게 태어나는 그런 모습을 보여야 해요.  ◇주진우: 전광훈 목사하고 이번 사건으로 결별합니까?  ◆김성태: 저는 결별 완벽하게 할 수 있다고 보고 있습니다.  ◇주진우: 이걸로 완벽해져요?  ◆김성태: 이분들이 때로는 민주당과 민주노총하고 대척점을 가지고 집회 시위에 ‘맞장을 뜬다’고 해서 이분이 우리 당으로서 절대적으로 필요하다 그러면 그것 때문에 이분들의 목소리를 우리 당이 일정 부분 국민에게 지탄받더라도 우리가 수용할 수밖에 없다 그러면 우리 당도 그 나물에 그 밥이 되는 거죠.  ◇주진우: 그래요?  ◆김성태: 좀 리스크가 있더라도 정리할 것은 정리해야죠.  ◇주진우: 알겠습니다. 전광훈만 끊어내서 될 일은 아닙니다. 최고위원들 돌아가면서 계속 얘기합니다. 오늘은 태영호 최고위원. ‘백범 김구 선생, 다 김일성의 전략에 말려들었다’ 이렇게 얘기하는데 이거 어떻게 보셨습니까?  ◆김성태: 글쎄 우리 언론 기자분들 시각으로는 납득이 되지 않는 부분도 많을 거예요. 저분도 역사성을 우리가 우리 대한민국 현대사를 자기 나름대로 이걸 다시 부정하기 위한 어떤 그런 것보다는 내가 체험하고 내가 경험하고 내가 살아온 북한에서는 이렇게 배웠다. 그걸 이야기하는 거예요.  ◇주진우: 그런데 북한에서 배운 걸 가지고 여기서 정부 여당에서 그러면 안 되죠.◆김성태: 그러니까 그렇게 북한이 이걸 이용하고 도용하고 있으니까 김구 주석에 대한 인식도 이렇게 북한에서는 잘못 현재 이걸 이용하고 있다. 대한민국에서도 이 점은 참고해 달라. 그렇게 하면서 본인도 첨예한 역사 인식에 대한 그런 국민들의 이분화되는 걸 정치인으로서는 그걸 그런 주장에 서면 안 되는 거죠. ◇주진우: 안 되잖아요. ◆김성태: 올바른 판단이 이루어질 수 있도록 객관적이고 균형적이고 그런 상식적인 역사관을 가져야죠.◇주진우: 최고위원 당번제 이런 얘기가 나와요. 국민의힘 최고위원들은 돌아가면서 계속 사고를 친다고 하는데 김재원 최고, 조수진 최고, 태영호 최고에 대한 어떤 당의 지침은 있어야 할 것 같습니다.  ◆김성태: 오늘도 김기현 대표가 최고위원 회의를 마치고 따로 태영호 최고위원을 불러서 아마 엄중한 입장을 전달한 걸로 알고 있어요.  ◇주진우: 그래요?  ◆김성태: 그렇기 때문에 이분은 어떤 의도를 가지고 이런 거는 전혀 없어요. 저도 몇 번 만나봤는데 진짜 북한에서 자기가 배운 그런 현대사적인 어떤 그런 아픈 역사에 대해서 북한에서는 이렇게 이용당해지고 있는데 왜 한국은 그 내용을 모르고 있나? 이런 건데 그런 내용을 조심해야 한다는 것조차도.  ◇주진우: 모르죠.  ◆김성태: 일부 좀 생경한 부분이 있죠. 그런 부분은 우리 동료 의원들이나 당에서 좀 더 적극적인 소통을 해야 할 거예요.  ◇주진우: 소통이 중요한 게 아니라 이거 북한에서 김일성 교육을 받은 그 정서로 그 내용을 가지고 대한민국 정치를 한다, 이 부분에 대해서는 조금 우려하는 시각도 있습니다. 민주당 돈 봉투 파장 어디까지 갈까요? 민주당은 어떻게 해야 할까요? 어찌 보십니까? 그런데 의장님, 당 대표 선거 때 그리고 당내 선거 때도 봉투 이렇게 오갑니까? 거마비 주고 밥값 주고 그렇습니까?  ◆김성태: 국민의힘 같은 경우에, 옛날에 ‘차떼기 정당’에, 이회창 당 대표 체제 때 그때 전당대회 이후로는 사실상 이게 거의 없어졌죠. ◇주진우: 국민의힘 없어졌습니까?  ◆김성태: 당시 박희태 국회의장이 되는 과정에서 의원들에게 일부 금품을 살포한 행위로 처벌받지 않습니까? 그 이후로 거의 국민의힘 같은 경우는 완벽하게 없어졌다고 봅니다. 제가 지난 대선 때도, 작년에. 1년 전이지 않습니까? 그런 중앙위 직능을 실질적으로 대선의 절반인 선거를 제가.◇주진우: 그렇죠. 조직 단체들 다 이렇게 총괄하셨는데 만나면 돈 주잖아요. 밥 먹이고. ◆김성태: 과거 같으면 흔히 말하는 대선자금이 이렇게 정치 대선 때 일정 부분…. 그런데 지난번 같은 경우는 단돈 10원도, 이런 행위를 구경을 못 했어요.  ◇주진우: 중앙당에서 돈 다 내려보내지 않았습니까? ◆김성태: 중앙당도 국고지원금 회계 처리 용도가 있는 것이기 때문에 전부 선거 캠프에서 의원들 내지는….  ◇주진우: 의장님 지방에 가서 다 단체들 만나고 그 사람들 다 만났잖아요. 밥 먹고….  ◆김성태: 다 그냥 개인 자비 부담입니다. 거기서 만일 어느 지방이 가서 단체를 만나고 하는데 밥값 내면 그게 나중에 다시 역풍을 맞고 그 화살을 맞는다는 걸 너무 잘 알아요. 그래서 상당히 정치의식이 일반 국민이나 많은 사회단체들이 바뀌어 있어요. 그래서 밥값은 ‘N분의 1’로 하는 걸로 다 알고 있습니다.  ◇주진우: ‘N분의 1’로?  ◆김성태: 네. 그런데 이번에 민주당의 현재 돈 봉투 사건은 상당히 바람직하지 않죠. 금액이 많고 적고를 떠나서 이거는 좀 바람직하지 않고, 지금 이재명 당 대표 입장에서는 상당히 곤혹스러운 일입니다.  ◇주진우: 민주당에서 어떻게 처리해야 할까요?  ◆김성태: 사실상 이재명 당 대표 입장은 다른 사람도 아닌 전임 송영길 대표와 어떤 관계입니까? 자기를 대선 후보로 만들어준 사람이 송영길 대표예요. 그 송영길 대표의 지역구마저도 본인이 물려받으면서 국회 입성을 완료하지 않았습니까? 그런 송영길 대표를 만드는 과정에서 이게 빚어진 일이에요. 그렇기 때문에 이재명 입장에서는 상당히 곤혹스러울 수밖에 없는 상황이지만 이건 이재명 대표 입장에서 이건 본인의 일로 판단해야 한다. 이건 송영길 전 당 대표의 문제다, 생각하고 차일피일 해 버리면 본인이 더 큰 위험에 처할 수밖에 없는 거예요.  ◇주진우: 이재명 대표는 전임 대표 선거일이기 때문에 그리고 그때 송영길 전 대표가 이재명계, 이재명과 묶인 사람도 아니기 때문에 그렇기 때문에 송영길 전 대표가 해결할 수 있도록 시간을 좀 줘야 한다, 이런 얘기도 당내에는 있어요.  ◆김성태: 송영길 대표 혼자 지난번 2021년 민주당 전당대회를 치렀다면 그거는 길을 가는 소가 웃을 일이죠. 이재명 당시 후보와, 대선 후보를 꿈꿨던 이재명 후보와 송영길은 너무나 밀착된 관계였습니다.  ◇주진우: 2021년에는 안 그랬어요.  ◆김성태: 그렇지 않습니다.  ◇주진우: 안 그랬는데.  ◆김성태: 이미 그전부터. 그걸 ‘문파’들이 얼마나 견제를 했습니까? 문재인 대통령 집권 세력들이, 흔히 말하는 당시 주류들이 바로 그 분위기를 얼마나 견제를 했어요? 그렇기 때문에 지금 이 사항은 송영길 대표 입장에서 프랑스에 그렇게, 뭐 물론 본인 나름대로 여러 가지 유학 일정이 있지만 빨리 판단하고 귀국하셔서….  ◇주진우: 빨리 귀국하고.  ◆김성태: 그리고 이걸 명명백백하게 밝혀 내야죠.  ◇주진우: 이재명 대표는 어떻게 해야 합니까?  ◆김성태: 오늘도 많은 일간지뿐 아니라 계속 뉴스를 통해서 나오고 있지만 영길이 형이 많이 처리했더라. 송영길 대표가 돈 봉투를 직접 뿌린 정황 이런 내용들이 기사화가 지금, 계속되고 있지 않습니까.  ◇주진우: 녹취록에 나왔습니다. 그런데 부분만 나와서 정확한 내용이 어떤 내용인지는 모르겠으나 송영길 전 대표한테는 굉장히 곤혹스러운 내용입니다.  ◆김성태: 이걸 민주당 입장에서도 많은 언론이 보도를 하면서 이 엄청난 제일 입법 야당인 민주당에 오보를 쓰면 큰일 나는 거, 이 사람들 너무나 잘 알고 있습니다. 그렇기 때문에 이거는 이재명 대표 입장에서도 본인의 사법 리스크뿐만 아니라 송영길 대표의 이런 당 대표 돈 봉투 사건까지 본인이 그걸 안고 가면 이거는 한마디로 지옥에 떨어지는 그런 낭떠러지에 서는 결과가 됩니다.  ◇주진우: 알겠습니다. 몇 가지 더 물어볼 게 있어요. 주 69시간 제도 이게 정부 여당에서 계속 추진하던 건데 이 주 69시간 제도는 폐기됩니까? 노동 이슈는 어떻게 됩니까?  ◆김성태: 저는 국민의힘, 특히 김기현 당 대표 체제와 윤재옥 원내대표가 가장 우선으로 판단해야 할 부분이 이 부분이라고 봐요.  ◇주진우: 노동 문제. 민생 문제죠.  ◆김성태: 근로 시간 개편안을 정부 입법 예고한 이후에 많은 산업 현장에서 특히 기업 현장에서 특히 MZ세대들의 그 원성은 이미 우리 당이 수없이 들었습니다.  ◇주진우: 그렇죠.  ◆김성태: 그러니까 주52시간제를 2018년도에 도입했는데 이게 겨우 뿌리를 완벽하게 내려가고 있는데 이걸 무한정 69시간으로, 물론 계절적 수요나 특별한 경우에는 그렇게 일부 한정적으로 할 수 있는 그런 근로 시간 개편이었지만 이게 프레임에 걸려서 전체 산업 현장에서 사업주가 원하면 69시간으로 확대될 수 있다는 이런 잘못된 관행이 뿌리를 내려버리면….  ◇주진우: 안 되죠.  ◆김성태: 이건 고용노동부가 근로감독관을 통해서 아무리 지도 단속을 해도 안 되는 문제죠.  ◇주진우: 그렇죠.  ◆김성태: 그렇기 때문에 이거는 집권당인 우리 국민의힘 입장에서도 이번에 특히 오는 4월 26일 당에 노동개혁특위가 국민의힘 원내에 설치가 됩니다. 노동계 출신 환노위 이미자 간사 위원이 위원장을 맡고 특히 노동 전문가들이 다 참여해요.  ◇주진우: 의장님도요?  ◆김성태: 나는 거기 참여를 (안 하고….) 우리 후배가 참여하는 건데 여기에는 노와 사 그리고 전문가 그룹으로 2~3명에 이르는 자문위원을 위촉해서 다양한 의견을 수렴하게 될 겁니다.  ◇주진우: 의견 수렴해서….  ◆김성태: 그렇게 해서 현장 방문도 하고 국민 목소리 직접 경청해서 윤석열 정부에서 일방적으로 근로시간 개편하지 않겠다는 그런 약속은 이미 한 거나 마찬가지입니다.  ◇주진우: 일방적인 근로 시간 개편 없다?  ◆김성태: 지난번 입법 예고된 정부안은 저는 그거는 이미….  ◇주진우: 폐기됐습니까?  ◆김성태: 반은 폐기됐다고 봅니다.  ◇주진우: 주 69시간 무리하게 노동 개혁, 근로 시간 개편하지 않는다, 밀어붙이지 않는다?  ◆김성태: 그러니까 노동 개혁이라는 것도 현재 윤석열 대통령께서 강력하게 강조하고 계신 게 고용 세습 근절이지 않습니까. 그리고 노조 회계 투명성 확보하는 거고. 그리고 산업 현장의 폭력 행위를 없애자는 거고. 그리고 마지막이 바로 이 근로 시간 유연화예요. 이런 노동 개혁의 핵심 과제를 절대 윤석열 대통령과 또 정부 고용노동부가 일방적으로 진행시킬 일이 아니죠.  ◇주진우: 알겠습니다.  ◆김성태: 사회적 대타협을 우리 국민의힘 원내에서 노동 개혁 특위가 중점적으로 가져가겠다는 겁니다.  ◇주진우: 노동개혁특위에서 노조 회계장부, 근로 조건 계승 이런 거 있지 않습니까? 여기 특위에서 얘기하면 되고 대통령은 민생 챙기고 경제 챙기고 노동자 챙기고 그런 모습 보여야죠. 헤어스타일도 바꿨으니까.  ◆김성태: 그렇습니다. 이제 윤석열 대통령께서 사회적 약자, 취약계층, 노동자, 장애인 이분들에 대한 애환과 고충을 더 많이 챙겨야죠.  ◇주진우: 알겠습니다. 근로시간 막 늘리고 안 그렇다고요?  ◆김성태: 저는 여기서 명확하게 말씀드립니다. 윤석열 정부에서 근로 시간 개편을 통해서 일방적으로 현재의 주 52시간 이 체제를 무너뜨리는 일은 추호도 없을 것이라는 걸 저는 단호히 말씀드립니다.  ◇주진우: 잘 들었습니다. 김성태 국민의힘 중앙위원회 상임의장이었습니다. 감사합니다.  ◆김성태: 감사합니다.
",KBS
"
[KBS 전주]4.5 전주을 국회의원 재선거에서 당선된 진보당 강성희 의원은 오늘(10) 국회 본청 앞에서 첫 등원 기자회견을 열어 윤석열 검찰 독재를 심판하고 민주주의 회복과 민생 정치를 실현하겠다고 밝혔습니다.강 의원은 윤석열 정권을 심판하기 위해선 진보·민주개혁 세력이 단결하고 연대하는 게 필수라고 강조한 뒤, 무너진 민주주의를 회복하고 민생 입법을 통해 국민이 원하는 정치를 현실로 보여드리겠다고 약속했습니다.
",KBS
"
[KBS 청주]충북시민사회단체연대회의가 오늘 청주상당공원에서 시국선언을 통해 윤석열 대통령의 퇴진과 김영환 충청북도지사의 사퇴를 촉구했습니다.이들은 주 69시간 노동 제안과 양곡관리법 거부권 행사, 후쿠시마 수산물 문제 등 민생을 외면하는 윤석열 정부의 국정 기조는 더는 참을 수 없는 지경에 이르렀다며 윤 대통령의 즉각 사퇴를 요구했습니다.또 산불이 계속되던 시간에 술판을 벌이고 거짓 변명으로 권위가 떨어진 김영환 지사도 윤 대통령과 함께 사퇴하라고 덧붙였습니다.
",KBS
"




검사가 퇴직한 뒤 1년 동안 공직 선거에 나서지 못하도록 하는 검찰청법 개정안에 대해 법무부가 “위헌 소지가 있다”며 반대 의견을 냈습니다. 법무부는 최강욱 더불어민주당 의원이 발의한 검찰청법 개정안에 대해 반대한다는 검토 의견서를 지난 2월 국회 소관 상임위원회인 법제사법위원회에 제출했습니다. 법무부는 이미 공직선거법 등에 공무원의 정치적 중립을 보장하기 위해 90일 동안 출마를 제한하는 등 적절한 수단이 있음에도, 다른 공무원과 달리 검사에 대해서만 1년 동안 선거에 출마하지 못하게 하는 건 헌법상 공무담임권과 평등원칙을 침해해 위헌 소지가 있다고 설명했습니다. 앞서 최강욱 민주당 의원은 문재인 정부 때인 2020년 12월 검사가 퇴직한 뒤 1년 동안 공직 후보자로 출마하지 못하게 하는 검찰청법 개정안을 대표 발의했습니다. 현직 검사의 중립성을 확보하겠다는 게 발의 이유였지만, 당시 윤석열 검찰총장의 대통령 선거 출마를 막으려는 것이 아니냐는 비판이 나왔습니다. 박범계 장관 재임 때인 2021년 2월 법무부는 해당 법안에 대해 “취지는 공감하지만, 보완이 필요하다”고 사실상 찬성 의견을 냈습니다. 2년 만에 입장이 달라졌다는 지적에 대해 법무부 관계자는 “입장이 달라지는 건 이례적인 일이 아니고, 의원실의 요청이 있어서 정확한 의견을 다시 낸 것”이라고 설명했습니다. 그러면서 해당 법안에 대해 “특정인의 출마를 막기 위한 비상식적인 법안이었다”며 “그에 당시 법무부가 호응했던 것”이라고도 덧붙였습니다. 한동훈 법무부 장관도 오늘 국회에 나와 “윤석열 후보가 출마하지 못하도록 발의해 ‘윤석열 방지법’이라 비판받았던 바로 그 법을 말하는 것”이라며 “그 당시 국회 전문위원들조차 위헌성이 크다는 보고서를 냈던 사안”이라고 밝혔습니다. 한 장관은 또 “최근 민주당 이탄희 의원이 다시 의견을 요청해 검토 의견을 드렸던 것으로 알고 있는데, 공교롭게도 이 의원이야말로 더 중립성이 요구되는 판사를 하다가 그만두고 의원이 됐다”고 말했습니다.[사진 출처 : 연합뉴스]■ 제보하기▷ 카카오톡 : 'KBS제보' 검색▷ 전화 : 02-781-1234▷ 이메일 : kbs1234@kbs.co.kr▷ 뉴스홈페이지 : https://goo.gl/4bWbkG
",KBS
"
[KBS 청주]충북시민사회단체연대회의가 어제 청주상당공원에서 시국선언을 통해 윤석열 대통령의 퇴진과 김영환 충청북도지사의 사퇴를 촉구했습니다.이들은 주 69시간 노동 제안과 양곡관리법 거부권 행사, 후쿠시마 수산물 문제 등 민생을 외면하는 윤석열 정부의 국정 기조는 더는 참을 수 없는 지경에 이르렀다며 윤 대통령의 즉각 사퇴를 요구했습니다.또 산불이 계속되던 시간에 술판을 벌이고 거짓 변명으로 권위가 떨어진 김영환 지사도 윤 대통령과 함께 사퇴하라고 덧붙였습니다.
",KBS
"




윤석열 대통령이 검찰총장 시절 받은 징계를 취소해 달라며 법무부 장관을 상대로 낸 소송의 항소심 첫 공판에서, 윤 대통령 측이 당시 징계를 내리는 과정에서 절차적 문제가 있었다고 주장했습니다. 서울고법 행정1-1부(부장판사 심준보 김종호 이승한)는 오늘(4일) 윤 대통령이 검찰총장 시절 법무부 장관을 상대로 낸 징계처분 취소소송 1회 공판을 열었습니다. 오늘 공판은 윤 대통령 측이 주장하는 징계의 여러 문제점 중 ‘절차적 하자’에 대해 양측이 변론하는 형식으로 이뤄졌습니다. 윤 대통령 측은 검사징계위원회의 소집과 구성, 징계위원에 대한 기피 및 회피 등 과정에서 절차적 하자가 있어 징계 처분이 위법하다고 주장했습니다. 법무부 장관이 검찰총장에 대해 징계 처분을 청구하면 모든 절차에서 배제돼야 함에도 불구하고 징계위원을 선임하고 징계 심의 기일을 정해 피청구인인 윤 대통령의 방어권을 침해했다는 겁니다. 또 윤 대통령 측이 2020년 2월 정한중 징계위원회 위원장에 대한 기피신청을 한 것에 대해 징계위원들이 기각 결정을 했는데, ‘재적 위원 과반수 출석, 출석 과반수 찬성’으로 결정한다는 원칙을 어겼다고도 주장했습니다. 반면 법무부를 대리하는 정부법무공단 측은 관련 법에 “징계를 청구한 사람은 업무 일체가 아닌 ‘사건 심의’에 참여하지 못한다”는 제한된 표현을 사용하기 때문에 징계 청구권자인 법무부 장관이 심리 기일을 잡은 것은 문제가 없다고 반박했습니다. 또 정한중 위원장은 기피 신청을 받은 사람으로, 검사징계법상 의결에 참여하지 못하기 때문에 남은 3명의 위원(이용구, 안진, 신성식) 중 과반인 2명이 기각 결정을 한 것으로 보아 의결정족수가 충족됐다고 밝혔습니다. 재판이 끝난 뒤 윤 대통령 측을 대리한 손경식 변호사는 취재진을 만나 “결국 이 사건은 어떤 일이 있었는지는 소명된 거 같고, 그걸 어떻게 법·판례에 따라 해석하냐에 달려있다”며 “절차상 하자가 몇 건 있었고, 종전 판례에 의하면 이는 징계 절차를 무효로 하는 위법 중대한 하자”라고 강조했습니다. 양측은 다음 달 16일 2회 기일을 열고, 원고 측이 신청한 증인인 이정화 수원지검 여주지청 부장검사에 대한 신문을 한 뒤 절차적 하자에 대한 변론을 이어갈 예정입니다. 윤 대통령은 검찰총장으로 재직하던 2020년 12월 법무부로부터 주요 사건 재판부 사찰 의혹 문건 작성과 배포, 채널A 사건 관련 감찰 방해 등의 이유로 정직 2개월 징계를 받았습니다. 이에 윤 대통령은 징계 처분에 대한 집행정지를 법원에 신청해 인용 결정을 받은 뒤 징계를 취소해달라며 본안 소송도 제기했는데, 1심 재판부는 “2개월 정직 처분이 적법하다”며 윤 대통령의 청구를 기각했습니다. 1심 재판부는 윤 대통령에게 제기된 4개의 징계 사유 중 ‘정치적 중립 의무 위반’ 사유만 인정하지 않고, 판사 사찰 문건 작성 지시, 채널A 사건 감찰 방해와 수사 방해 사유는 모두 인정했습니다.[사진 출처 : 연합뉴스]■ 제보하기▷ 카카오톡 : 'KBS제보' 검색▷ 전화 : 02-781-1234▷ 이메일 : kbs1234@kbs.co.kr▷ 뉴스홈페이지 : https://goo.gl/4bWbkG
",KBS
"




[KBS 광주]나주 지역 시민사회단체들이 윤석열 정부의 굴욕적인 친일외교정책을 폐기하고, 양금덕 할머니의 명예회복과 배상을 당장 실시하라고 촉구했습니다.  나주농민회 등 27개 시민사회단체는 오늘(6일) 나주시 금성관 앞에서 기자회견을 열고 가해자가 사실을 인정하지 않는데도 피해자가 화해를 운운하는 것은 만용에 불과하다며, 초등학교 때 일본으로 강제동원된 양금덕 할머니의 명예회복과 배상조치를 당장 실시해야 한다고 말했습니다.  1999년 일본 정부와 미쓰비시중공업을 상대로 소송을 제기했던 양금덕, 김혜옥, 이동련, 진진정 할머니 등 4명이 모두 나주 출신이고, 국내에서 소송을 이어가고 있는 일제 강제동원 피해자와 유족 3명도 모두 나주에 거주하고 있습니다.
",KBS
"
[KBS 광주]윤석열 정부의 친일 외교를 규탄하는 목소리가 잇따랐습니다.나주농민회 등 27개 시민사회단체는 오늘(6) 기자회견을 열고 윤석열 정부에 굴욕적인 친일외교정책을 폐기하고, 양금덕 할머니의 명예회복과 배상을 당장 실시하라고 촉구했습니다.광주지역 퇴직 교원들도 시교육청 앞에서 기자 회견을 열고, '일제 강제동원 제3자 변제안'을 즉각 폐기할 것과 함께, 36년 동안의 일제 식민통치에 면죄부를 주는 3.16 굴종 외교에 대해 즉각 사과할 것을 요구했습니다.
",KBS
"








[KBS 광주]전남대학교 교수들이 윤석열 정부의 일제 강제동원 배상안 철회를 요구했습니다.  한은미 교수회장 등 전남대 교수들은 오늘(30일) 기자회견을 열고, 정부의 일제 강제동원 배상안을 규탄하는 성명을 발표했습니다.  교수들은 성명서를 통해 ""일본 대신 한국기업이 피해 배상금을 지급하겠다는 윤석열 정부의 제3자 변제 방안은 피해 당사자의 동의를 얻지 못한 일방적인 조치로 우리나라 대법원의 사법적 결정을 스스로 부인한 행위""라며 강하게 비판했습니다. 또 ""강제동원 배상방식은 대법원의 판결에 입각해 피해자에게 정당한 배상이 이루어지도록 하는 것 외에는 다른 방법이 없다""며, ""사죄 없는 배상은 받지 않겠다는 피해 당사자의 울분을 기억해야 한다""고 강조했습니다. 지금까지 성명에 동참한 전남대 교수들은 모두 227명으로, 앞으로도 늘어날 것으로 보입니다.
",KBS
"




기시다 후미오 일본 총리가 윤석열 대통령을 5월 히로시마에서 열리는 주요 7개국(G7) 정상회의에 초청했다고 오늘 밝혔습니다. 기시다 총리는 나렌드라 모디 인도 총리와 정상회담을 위해 방문 중인 인도 뉴델리에서 이날 취재진에 이같이 말했다고 교도통신이 보도했습니다. 기시다 총리는 한국과 인도 외에 브라질, 베트남 등을 초청했다고 설명했습니다. 올해 G7 정상회의는 일본이 주최국으로, 히로시마에서 5월 19일~21일 개최할 예정입니다.  일본은 2008년 홋카이도 도야코에서 개최한 주요 8개국(G8) 정상회의에도 한국을 초청한 바 있습니다.[사진 출처 : 연합뉴스]
",KBS
"
  



윤석열 대통령. 대통령실통신사진기자단       윤석열 대통령이 19일 “보편적 규범과 다자주의에 기반을 둔 자유무역 체제는 세계 경제의 성장과 인류의 자유 확장에 기여해 온 절대 포기해서 안 되는 글로벌 공공재”라고 말했다.       윤 대통령은 이날 오전 파이낸셜뉴스가 주최한 ‘2023 FIND·서울국제금융포럼’ 축사에서 이같이 밝혔다. 축사는 대통령실 김은혜 홍보수석이 대독했다.       윤 대통령은 “지금 세계 경제는 불확실성과 복합위기에 놓여있다”며 “자유무역 체제와 국제분업체계에 바탕을 둔 국제공조는 글로벌 블록화로 위협받고 있다”고 말했다. 그러면서 “블록화로 대표되는 지금의 도전 속에서, 국제 경제 질서를 보편적 규범에 기반을 둔 자유무역 체제로 복원하기 위해 국제사회가 더 강력히 연대하고 협력해야 한다”고 강조했다.       윤 대통령은 최근 미국과 유럽에서 발생한 은행 부실사태도 언급하면서 “금융 불안요인에 제대로 대처하지 못하면 국가 경제는 돌이킬 수 없는 상처를 입게 된다”며 “금융사들은 선제적인 위험관리와 함께 손실흡수 능력을 제고해 금융 안정성을 높이고 글로벌 경쟁력을 강화해 국가 경제 발전에 디딤돌 역할을 해야 한다”고 강조했다.   
",중앙
"
  



강신업 변호사. 뉴스1       강성 보수인 전광훈 사랑제일교회 목사와 강신업 변호사가 홍준표 대구시장이 ""윤석열 정부에 도움이 안 된다""며 정치권에서 퇴출시키겠다고 뜻을 모았다.  강 변호사는 17일 오후 페이스북에 ""전광훈 목사와 통화한 결과 홍준표 퇴치의 필요성에 대해 의견을 같이했다""며 이렇게 밝혔다.      강 변호사는 ""(지금 홍 시장 행위는) 다시 대통령 선거에 나가고 싶어 하는 것""으로 ""사실상 대선 불복이자 내심 윤 대통령 탄핵을 내심 바라고 있는 일""이라고 주장했다.      전 목사도 이날 서울 사랑제일교회에서 가진 기자회견을 통해 ""전 국민적 국민의힘 당원 가입 운동과 공천권 폐지, 당원 중심의 후보 경선""을 외치면서 ""국민의힘의 많은 분들이 저한테 '목사님을 좋아하는 사람들이 더 많이 있는데 홍준표 등 몇 사람 때문에 우리를 버리고 가려고 하느냐’고 하더라""며 홍 시장이 자신과 여당 사이를 갈라치기하고 있다고 비판했다.      국민의힘 상임고문에서 해촉된 홍 시장은 사실상 매일 페이스북을 통해 전 목사가 당을 좌지우지하려 든다며 관계 단절을 김기현 대표 등 당 지도부에 요구하면서 날을 세워왔다. 홍 시장은 전날(16일) 밤에도 ""지금 전광훈 사태를 내가 침묵하고 그냥 지나간다면 김기현 대표는 모든 책임을 나에게 뒤집어씌우고 해촉했다는 것을 정당화하는 데 주력할 것""이라는 글을 썼다가 뒤늦게 삭제했다.     
",중앙
"
   전북 전주을 선거구 국회의원 재선거에 출마한 무소속 안해욱 후보가 TV 토론에서 윤석열 대통령을 모욕해 명예를 훼손한 혐의로 고발당했다.3일 연합뉴스에 따르면 윤석열 대통령 팬클럽 ‘윤사모’와 김건희 여사 팬클럽 ‘건사랑’ 측은 이날 오후 안 후보를 허위사실 적시에 의한 명예훼손과 정보통신망법상 명예훼손 혐의로 영등포경찰서에 고발했다.      



4·5 재·보궐선거 공식 선거운동 첫날인 23일 전북 전주시 용머리로에서 전주을 국회의원 재선거 기호 7번 무소속 안해욱 후보가 출근길 유세를 하고 있다. 뉴스1       최성덕 윤사모 중앙회 회장은 “방송토론에서 윤 대통령에 대해 입에 담을 수 없는 욕을 한 일을 단죄하고자 한다”며 “(안 후보의) 주소와 연락처를 몰라 국회의사당과도 가까운 영등포서에 고발장을 낸다”고 밝혔다.      안 후보는 지난달 29일 전주MBC가 주관한 ‘국회의원 재선거 전주을 선거구 후보자 토론회’에서 “나는 ‘용산대’ 앞에서도, 관저 앞에 가서도 항상 이렇게 외친다. 윤석열 이 XXX야”라고 발언해 진행자의 제지를 받았다. 그는 “선거에 출마한 것은 오직 친일 매국노 윤석열을 끌어내고 주가 조작범 김건희를 감방에 보내기 위해서”라며 ""윤석열은 김건희의 하수인일 뿐이고 대통령실에 앉아 술만 먹고 있다""고 비방하기도 했다.      안 후보는 윤 대통령 부인 김건희 여사가 과거 유흥주점에서 일했다는 이른바 ‘쥴리 의혹’을 제기한 인물이다.      한편 3일 각 후보 캠프 등에 따르면 3월 31일부터 4월 1일까지 이틀간 진행된 사전투표는 유권자 16만6922명 가운데 1만7543명이 참여해 10.51%의 저조한 투표율을 기록했다.      재선거가 평일인 5일에 실시된다. 더불어민주당 후보는 출마하지 않았으며 약 20% 안팎의 낮은 투표율이 예상된다.
",중앙
"
  



4·5 전주을 국회의원 재선거에 출마한 무소속 안해욱 후보가 지난 29일 전주MBC에서 방송된 후보자 토론회에서 ""(자신은) 백은종 서울의소리 대표와 세례 요한 정대택과 함께하는 3대 독수리 중 한 명""이라며 ""그 두 분도 그런 소리는 안 하지만 나는 용산대 앞에서, 관저 앞에 가서도 꼭 이렇게 먼저 외칩니다. 윤석열 이 XXX야""라고 말하고 있다. [사진 전주MBC 유튜브 캡처]     ━   안해욱, 김건희 여사 관련 '쥴리 의혹' 제기        4·5 전북 전주시을 국회의원 재선거에 출마한 무소속 안해욱 후보가 지상파 TV 토론회에서 윤석열 대통령을 향해 'XXX'라고 외쳐 논란이 일고 있다. 안 후보는 윤 대통령 부인 김건희 여사 관련 '쥴리 의혹'을 제기한 장본인이다.      



윤석열 대통령 부인 김건희 여사가 과거 유흥주점에서 일했다는 이른바 '쥴리 의혹'을 제기한 안해욱(74·가운데) 전 대한초등학교태권도협회장이 지난 22일 전북도의회에서 기자회견을 열고 전주을 국회의원 재선거 출마를 선언했다. 회견 직후 안 후보가 서울의소리 백은종 대표(왼쪽)와 윤 대통령 장모 및 김건희 여사에 대해 각종 의혹을 제기한 정대택씨와 기념 촬영을 하고 있다. [연합뉴스]     ━   ""욕설 부적절"" 지적…캠프 ""응원전화 폭발""      안 후보는 지난 29일 전주MBC에서 방송된 후보자 토론회에서 ""(자신은) 백은종 서울의소리 대표와 세례 요한 정대택과 함께하는 3대 독수리 중 한 명""이라며 ""그 두 분도 그런 소리는 안 하지만 나는 용산대(용산 대통령 집무실) 앞에서, 관저 앞에 가서도 꼭 이렇게 먼저 외친다. 윤석열 이 XXX야""라고 말했다. 이에 진행자가 ""비속어 사용을 자제해 달라""고 경고했다.      안 후보 발언을 두고 정치권에선 ""국회의원 후보 정책과 공약·도덕성 등을 점검하는 TV 토론회에서 대통령 비판을 넘어 욕설까지 하는 건 부적절하다""는 지적이 나왔다. 이에 대해 안 후보 선거 캠프 관계자는 30일 중앙일보와 통화에서 ""대다수 국민이 윤석열 정권에 대해 분노하고 있기 때문에 (안 후보는) 그것을 대리해 한 번 외친 것""이라고 말했다.      그는 ""윤석열과 김건희한테 피해 본 시민 중 한 사람으로서 욕할 수 있다""며 ""그것 가지고 지지율이 떨어지거나 선거에 영향을 미치는 일은 없고, 오히려 '분노한 국민 가슴을 후련하게 풀어줬다'고 응원하는 전화가 폭발하고 있다""고 했다.      



4·5 전주을 국회의원 재선거 후보자들이 후보 등록 첫날인 지난 16일 전북 전주시 완산구선거관리위원회에서 등록을 마친 뒤 기념 촬영을 하고 있다. 왼쪽부터 무소속 임정엽, 무소속 김광종, 국민의힘 김경민, 진보당 강성희, 무소속 김호서 후보. [연합뉴스]     ━   선거법 위반 이상직 낙마…민주당 없는 6파전      경상도 출신인 안 후보는 전북에 연고가 없는데도 지난 22일 ""윤석열 정권을 심판하겠다""며 출마를 공식화했다. 그는 ""당선되면 더불어민주당에 입당하겠다""고 했다. 안 후보는 지난해 1월 TBS 라디오 '김어준의 뉴스공장'에 출연해 ""유흥주점에서 '쥴리'라는 예명으로 일하던 김 여사를 목격했다""고 언급해 공직선거법상 허위사실공표와 정보통신망법상 명예훼손 혐의로 불구속 기소됐다.      한편 전주을은 공직선거법 위반 혐의로 이상직 전 의원이 낙마하면서 전국에서 유일하게 국회의원 재선거를 치르는 곳이다. 국민의힘 김경민, 진보당 강성희, 무소속 임정엽·김광종·안해욱·김호서(기호 순) 등 6명이 후보로 나왔다. 21대 총선에서 이스타항공 창업주인 이 전 의원을 공천한 민주당은 ""재선거 원인을 제공했다""며 공천을 포기했다. 이에 임정엽·김호서 후보가 탈당 후 출마했다.  
",중앙
"
    조태용 신임 국가안보실장은 30일 ""윤석열 정부의 국정 목표를 완성할 수 있도록 노력할 것""이라고 밝혔다.       조 실장은 이날 오후 용산 대통령실 브리핑룸에서 기자들과 만나 ""중차대한 시기인데 안보실장이란 자리를 맡게 돼 막중한 책임감을 느낀다""며 이같이 말했다.     



조태용 신임 국가안보실장이 30일 서울 용산 대통령실 청사 브리핑룸에서 인사말을 하고 있다. 연합뉴스       조 실장은 ""지난 11개월 동안 윤석열 정부는 국정 목표인 '글로벌 중추 국가' 건설을 위해 주춧돌을 잘 놨다고 생각한다""며 ""그 주춧돌 위에 좋은 내용으로 집을 지어 목표를 완성할 수 있도록 보답하는 게 임무""라고 설명했다.      이어 ""그러기 위해 안보실을 포함해 대통령실 전 구성원들이 한마음으로, '원팀'으로 노력해나가는 것이 필요하다고 생각하며, 이를 위해 저도 최선을 다하겠다""고 덧붙였다.       윤석열 정부 초대 주미대사로 일해온 조 실장은 김성한 전 실장이 전날 사의를 표하면서 새로운 외교·안보 사령탑으로 임명됐다.  
",중앙
"
  



      



      



           곧 윤석열 대통령의 취임 1년(5월 9일)이다. 8개월 정치 신인 대통령의 등장이라 일거수일투족이 관심이었다. 정책적으론 탈원전, 소득주도성장, 주 52시간근무제, 부동산 중과세, 거대 강성 노조 등 전 정권의 오도를 바로잡으려고 애쓴 시간이었다. 북핵·미사일엔 강단으로 한미 동맹을 강화했다. 역풍을 감수하며 한일 관계 정상화의 물꼬도 트고 있다. 보수 대통령으로서 큰 방향의 오류를 찾기는 쉽지 않다. 그럼에도 긍정 평가는 여전히 30%대 중후반. 문제를 찾자면 그러니 그의 스타일과 이미지일 터다. ‘윤석열 스타일’에 자주 들리는 세간의 공통 평가가 있다. “좀 거칠다.”     노조 개혁, 한일 관계 물꼬 트기 등   “뚝심·소신있다” 긍정평가와 함께   “소통 미흡, 독단” 이미지가 동시에   향후 4년 성패 관건은 설득, 소통     수치(한국갤럽, 3월 21~23일)도 일러준다. 개별 정책 찬반을 떠나 일관되게 대통령에의 긍정과 부정 가르는 잣대가 있다. 34%의 긍정 중 ‘주관·소신’ ‘결단력·추진력·뚝심’이 5%다. 반면에 58%의 부정 중 ‘독단적·일방적’ ‘소통 미흡’ 역시 똑같은 5%다. 하나의 스타일에 대한 동전의 양면이다. 고르디우스의 매듭을 풀어보라고 한 문제를 쾌도난마할 경우의 상반된 반응이겠다. 독단이 소신이란 긍정으로 바뀌면 40%대의 안정적 지지도다. 주관·뚝심으로 비치던 스타일이 독단과 소통 미흡으로 바뀌면 20%대 추락. 성패의 분수령인 “거침없다”와 “거칠다”의 차이. 그게 이 5%다.전임 정부가 괴물로 키운 거대 노조에 메스를 들이댄 건 박수를 받았다. ‘건폭’ 척결, 투명한 노조 회계, 업무 개시 명령 등. 역시 검사 출신인 원희룡 장관과 함께였다. “선과 악만이 선택지인 ‘칼잡이 출신’이 가장 잘할 수 있는 일”이라는 맞장구도 나왔다. 마크롱 대통령의 혹독한 시련에서 확인된 연금 개혁과, 노동·교육·정부 개혁에도 반드시 필요한 국가 지도자의 자질 중 하나는 ‘좌고우면하지 않는 결단’일 수 있다. ‘연금·노동 개혁’ ‘한일 관계’ 등에서 늘 간만 보다 아무런 결정도 않고 45%의 지지율로 슬그머니 사라진 건 전임 대통령이었다. 개혁이란 거대 기득권과 싸우려고 자기희생을 감내해야 하는 업. ‘무위(無爲)’야말로 리더의 가장 큰 죄이긴 했다.       검찰총장 출신 원로의 ‘후배 윤석열’을 들은 적이 있다. ‘검찰의 꽃’이란 대검 중수부로 윤 검사를 천거했던 얘기다. “시험은 늦었지만 뚝심있게 일도 잘하고 술도 잘 마신다. 말도 잘해 사람들과 두루두루 잘 지내는 친구다. 중수부는 특히 정·재계의 센 사람들 상대로 설득, 때론 회유 섞어가며 해야 하는데 그들과 말도 잘 터가며 특히 자백을 가장 잘 받아낼 검사다.” 윤 대통령에게 기대가 컸던 품성 역시 ‘두루두루 잘 지내고 대화하는’것이었다. 그러나 그 기대에 못 미친 1년이기도 하다. 물론 365일 몽니의 공룡 야당, 문재인 정부에 리더십을 구축했던 공영 방송 등 ‘기울어진 운동장’에의 좌절과 불만도 이해 못할 측면은 아니겠다.       거칠다는 인상을 굳힌 건 여당 전당대회였다. “그간 자기 처신을 어떻게 생각할지는 본인이 잘 알 것”이라고 나경원 전 원내대표를 직격했다. “아무 말 안하면 아무 일도 없을 것”이란 안철수 의원 압박은 두려움을 불렀다.       방일 전후 야당을 초청해 이해를 구했어야 했다. 이재명 대표야 기소된 피의자이니 그렇다 치자. 야당의 외교통일 위원들, 원내대표단 등을 불러 설득하는 모양새가 아쉬웠다. 안 온다면. 그들의 초당 외교 직무유기다. 외교 원로 초청 간담회는 제3자 변제 정책의 발표 9일 뒤, 대통령의 방일 전날이었다. 결단으로 다 끝내놓은 선택에 원로들이 무슨 조언을 해주겠는가. 망신 좀 당하더라도 징용 피해자들을 대통령이 직접 찾아가는 건 어땠을까. 한일 관계 개선이 필요하다는 67%의 미래지향적 여론은 왜 57.9%의 협상 불만으로 바뀌었을까. 먹고살기 바쁜데 이 복잡한 구상권, 제3자 변제 법률 문제의 이해도 쉽지 않다. 숙성의 시간과 공이 느껴지지 않으니 ‘깜짝’ ‘덜컥’으로만 비치는 것 아닐까. 118년 꼬인 역사의 매듭을 풀기에는 방일 뒤 23분의 대통령 성명 낭독만으론 부족해 보이는 까닭이다.       정부 내의 소통도 매끄러워 보이지 않는다. 반도체 투자 세액공제, 근로시간 유연화 등의 부처 발표 뒤 대통령 지시로 재검토가 이뤄지는 일이 잦다. 국민들이 갸우뚱해하는 최근 안보실장의 전격 교체 과정도 그렇다. 그러곤 늘 “대통령이 질책했다”는 보도도 뒤따른다. 그러나 호통이 잦은 무서운 대통령이라면 영혼 부족한 관료들 중 그 누가 직언할 수 있겠는가. 그러니 “윤 대통령은 누구의 조언과 자문을 듣는가”는 늘 시중의 궁금증이다. 참모의 보고는 듣되 결국은 자신이 선택하는 ‘고독한 대통령’ 형인 듯싶다. 박정희, 프랑스의 드골 등 상명하복의 문화에 익숙한 군 출신들이 주로 이런 스타일이었다.       꽃길 대신 자갈밭길 더 많을 향후 4년. 고된 시련의 여정이겠지만 자신의 장점은 살리고, 약점을 최대한 보완하며 뚜벅뚜벅 전진해야 할 때다. 거친 독단이냐, 거침없는 소신이냐. 그 사이엔 소통과 대화란 징검다리가 놓여 있다. 그 다리를 부지런히 건너다니길 바란다.  글=최훈 주필  그림=김아영 인턴기자  
",중앙
"
  



지난해 6월 우크라이나를 방문한 이준석 전 국민의힘 대표가 우크라이나 키이우 추모의 벽을 방문해 파괴된 무기들을 둘러보고 있는 모습. 연합뉴스       이준석 전 국민의힘 대표가 23일 윤석열 대통령에 대해 “적어도 기시다 후미오 일본 총리보다는 먼저 우크라이나로 갔어야 했다”는 취지의 발언을 했다.       이 전 대표는 이날 페이스북에서 “일본과의 외교 관계에서 다른 것보다 더 뼈아픈 것은 기시다 총리가 한일 정상회담을 마치고 우크라이나로 바로 날아갔다는 것”이라며 이렇게 말했다.       그는 “아시아 국가 정상 중에서 가장 먼저 우리 정상이 방문하기를 기대했다”며 “(이 때문에) 작년에 미리 정당 간 외교로 지금보다 전쟁이 격하던 시절 먼저 (우크라이나를) 갔다 왔다”고 밝혔다. 이 전 대표는 지난해 6월 여당 대표 자격으로 우크라이나를 방문해 볼로디미르 젤렌스키 우크라이나 대통령과 올레나 슐리악 여당 대표를 만난 바 있다.       이 전 대표는 “왜 우리는 분명 자민당보다 빨랐는데 이제는 늦어졌는가”라고 물으며 “한국이 일본보다 앞서기 위해 노력하는 것은 1인당 GDP에 그치는 것이 아니라 국제사회에 대한 참여, 그리고 자유와 민주주의였으면 좋겠다”고 강조했다.       앞서 지난 21일 기시다 총리는 우크라이나 수도 키이우를 깜짝 방문했다. 뉴욕타임즈 등 외신은 기시다 총리의 우크라이나 방문이 주요 7개국(G7) 의장국으로서 존재감을 알리기 위함이었다고 분석했다.   
",중앙
"
  



윤석열 대통령이 28일 청와대 영빈관에서 주재한 저출산고령사회위원회 회의에서 발언하고 있다. 연합뉴스           28일 저출산고령사회위원회가 발표한 ‘윤석열 정부 저출산·고령사회 정책 과제 및 추진방향’은 현 정부가 올해부터 내놓을 저출산 대책의 ‘밑그림’에 가깝다. 부모급여와 세제 지원을 비롯해 양육비 지원을 늘리고, 부부소득에 기반한 주택 공급을 확대하는 등 구체적인 숫자까지 포함한 대책도 일부 나왔다. 대책의 줄기는 맞지만, 기존에 ‘저출산 대책’으로 묶어 포장한 예산 지출부터 효율화해야 한다는 분석이 나온다.      예산·세제 지원을 포함한 대책 중 대표적인 내용이 부모급여를 확대하는 것이다. 정부는 만 0~1세 아동을 둔 부모에게 주는 부모급여를 올해 만 0세 기준 월 70만원, 1세 월 35만원에서 내년 만 0세 월 100만원, 1세 50만원으로 각각 늘리기로 했다. 또 현재 부양 자녀가 있는 저소득층 가구에 환급형 세액공제 형태로 운영하는 자녀장려금(CTC)도 확대한다. 이성용 한국인구학회장은 “사교육비를 포함한 양육비 부담이 큰 만큼 지원을 기존보다 확대하는 방향은 옳다”면서도 “선진국과 비교했을 때 혜택이 부족한 만큼 지원 기간과 지원액을 모두 더 늘려야 한다”고 말했다.      대책에는 신혼부부를 대상으로 주택 지원을 확대하는 내용도 포함됐다. 구체적으로 주택 구매자금 대출 소득요건을 기존 부부소득 합산 연 7000만원 이하에서 8500만원 이하로, 전세자금 대출 소득요건은 기존 6000만원 이하에서 7500만원 이하로 각각 늘리기로 했다. 최슬기 KDI 국제정책대학원 교수는 “맞벌이 부부가 늘어난 데다 가구 소득도 많이 오른 상황에서 부부합산 연 소득 7000만원 이하 기준은 현실성이 떨어지는 만큼 기준선을 더 올려야 한다”며 “공공주택뿐 아니라 민간주택 입주 요건을 완화하는 등 주거 부담을 덜어줘야 한다”고 조언했다.     



연간 합계출산율 추이 그래픽 이미지. [자료제공=통계청]           지원을 늘리는 것도 중요하지만, 기존 저출산 대책에 백화점식으로 끼워 넣은 예산부터 구조조정해야 한다는 지적이 나온다. '새는 구멍'부터 막아야 한다는 얘기다. 저출산고령사회위원회가 처음 출범한 2006년 2조 원대였던 저출산 예산은 2021년 46조 원대로 늘었다. 지원이 늘어난 부분도 있지만 직접 관련 없는 예산을 저출산을 극복한다는 명분에서 ‘끼워 넣기’한 영향이다.단적으로 지난해만 해도 낙후지역 학교를 리모델링하는 그린 스마트스쿨 조성(1조8293억원), 청년 자산 형성을 돕는 내일채움공제(1조3098억원), 디지털 분야 미래형 실무인재 양성(3248억원), 첨단무기 도입을 통한 군사력 보강(987억원) 등이 저출산 대책 예산에 포함됐다. 최슬기 교수는 “무늬만 저출산 대책인 예산 지출부터 구조조정해 ‘선택과 집중’해야 한다”며 “위원회의 역할이 정부 부처별로 마련한 저출산 대책을 수집하는 데 그치는 게 아니라, 대책의 심의와 예산 집행부터 평가까지 키(key)를 잡고 전 과정을 주도하는 식으로 바꿔야 한다”고 말했다.  
",중앙
"
  



최훈 주필           곧 윤석열 대통령의 취임 1년(5월 9일)이다. 8개월 정치 신인 대통령의 등장이라 일거수일투족이 관심이었다. 정책적으론 탈원전, 소득주도성장, 주 52시간근무제, 부동산 중과세, 거대 강성 노조 등 전 정권의 오도를 바로잡으려고 애쓴 시간이었다. 북핵·미사일엔 강단으로 한미 동맹을 강화했다. 역풍을 감수하며 한일 관계 정상화의 물꼬도 트고 있다. 보수 대통령으로서 큰 방향의 오류를 찾기는 쉽지 않다. 그럼에도 긍정 평가는 여전히 30%대 중후반. 문제를 찾자면 그러니 그의 스타일과 이미지일 터다. ‘윤석열 스타일’에 자주 들리는 세간의 공통 평가가 있다. “좀 거칠다.”      노조 개혁, 한일 관계 물꼬 트기 등   “뚝심·소신있다” 긍정평가와 함께   “소통 미흡, 독단” 이미지가 동시에   향후 4년 성패 관건은 설득, 소통      수치(한국갤럽, 3월 21~23일)도 일러준다. 개별 정책 찬반을 떠나 일관되게 대통령에의 긍정과 부정 가르는 잣대가 있다. 34%의 긍정 중 ‘주관·소신’ ‘결단력·추진력·뚝심’이 5%다. 반면에 58%의 부정 중 ‘독단적·일방적’ ‘소통 미흡’ 역시 똑같은 5%다. 하나의 스타일에 대한 동전의 양면이다. 고르디우스의 매듭을 풀어보라고 한 문제를 쾌도난마할 경우의 상반된 반응이겠다. 독단이 소신이란 긍정으로 바뀌면 40%대의 안정적 지지도다. 주관·뚝심으로 비치던 스타일이 독단과 소통 미흡으로 바뀌면 20%대 추락. 성패의 분수령인 “거침없다”와 “거칠다”의 차이. 그게 이 5%다.      전임 정부가 괴물로 키운 거대 노조에 메스를 들이댄 건 박수를 받았다. ‘건폭’ 척결, 투명한 노조 회계, 업무 개시 명령 등. 역시 검사 출신인 원희룡 장관과 함께였다. “선과 악만이 선택지인 ‘칼잡이 출신’이 가장 잘할 수 있는 일”이라는 맞장구도 나왔다. 마크롱 대통령의 혹독한 시련에서 확인된 연금 개혁과, 노동·교육·정부 개혁에도 반드시 필요한 국가 지도자의 자질 중 하나는 ‘좌고우면하지 않는 결단’일 수 있다. ‘연금·노동 개혁’ ‘한일 관계’ 등에서 늘 간만 보다 아무런 결정도 않고 45%의 지지율로 슬그머니 사라진 건 전임 대통령이었다. 개혁이란 거대 기득권과 싸우려고 자기희생을 감내해야 하는 업. ‘무위(無爲)’야말로 리더의 가장 큰 죄이긴 했다.      검찰총장 출신 원로의 ‘후배 윤석열’을 들은 적이 있다. ‘검찰의 꽃’이란 대검 중수부로 윤 검사를 천거했던 얘기다. “시험은 늦었지만 뚝심있게 일도 잘하고 술도 잘 마신다. 말도 잘해 사람들과 두루두루 잘 지내는 친구다. 중수부는 특히 정·재계의 센 사람들 상대로 설득, 때론 회유 섞어가며 해야 하는데 그들과 말도 잘 터가며 특히 자백을 가장 잘 받아낼 검사다.” 윤 대통령에게 기대가 컸던 품성 역시 ‘두루두루 잘 지내고 대화하는’것이었다. 그러나 그 기대에 못 미친 1년이기도 하다. 물론 365일 몽니의 공룡 야당, 문재인 정부에 리더십을 구축했던 공영 방송 등 ‘기울어진 운동장’에의 좌절과 불만도 이해 못할 측면은 아니겠다.      거칠다는 인상을 굳힌 건 여당 전당대회였다. “그간 자기 처신을 어떻게 생각할지는 본인이 잘 알 것”이라고 나경원 전 원내대표를 직격했다. “아무 말 안하면 아무 일도 없을 것”이란 안철수 의원 압박은 두려움을 불렀다.      방일 전후 야당을 초청해 이해를 구했어야 했다. 이재명 대표야 기소된 피의자이니 그렇다 치자. 야당의 외교통일 위원들, 원내대표단 등을 불러 설득하는 모양새가 아쉬웠다. 안 온다면. 그들의 초당 외교 직무유기다. 외교 원로 초청 간담회는 제3자 변제 정책의 발표 9일 뒤, 대통령의 방일 전날이었다. 결단으로 다 끝내놓은 선택에 원로들이 무슨 조언을 해주겠는가. 망신 좀 당하더라도 징용 피해자들을 대통령이 직접 찾아가는 건 어땠을까. 한일 관계 개선이 필요하다는 67%의 미래지향적 여론은 왜 57.9%의 협상 불만으로 바뀌었을까. 먹고살기 바쁜데 이 복잡한 구상권, 제3자 변제 법률 문제의 이해도 쉽지 않다. 숙성의 시간과 공이 느껴지지 않으니 ‘깜짝’ ‘덜컥’으로만 비치는 것 아닐까. 118년 꼬인 역사의 매듭을 풀기에는 방일 뒤 23분의 대통령 성명 낭독만으론 부족해 보이는 까닭이다.      정부 내의 소통도 매끄러워 보이지 않는다. 반도체 투자 세액공제, 근로시간 유연화 등의 부처 발표 뒤 대통령 지시로 재검토가 이뤄지는 일이 잦다. 국민들이 갸우뚱해하는 최근 안보실장의 전격 교체 과정도 그렇다. 그러곤 늘 “대통령이 질책했다”는 보도도 뒤따른다. 그러나 호통이 잦은 무서운 대통령이라면 영혼 부족한 관료들 중 그 누가 직언할 수 있겠는가. 그러니 “윤 대통령은 누구의 조언과 자문을 듣는가”는 늘 시중의 궁금증이다. 참모의 보고는 듣되 결국은 자신이 선택하는 ‘고독한 대통령’ 형인 듯싶다. 박정희, 프랑스의 드골 등 상명하복의 문화에 익숙한 군 출신들이 주로 이런 스타일이었다.      꽃길 대신 자갈밭길 더 많을 향후 4년. 고된 시련의 여정이겠지만 자신의 장점은 살리고, 약점을 최대한 보완하며 뚜벅뚜벅 전진해야 할 때다. 거친 독단이냐, 거침없는 소신이냐. 그 사이엔 소통과 대화란 징검다리가 놓여 있다. 그 다리를 부지런히 건너다니길 바란다.  
",중앙
"
    



서승욱 논설위원    우당 이회영의 손자, 이종찬 전 국정원장     이종찬 전 국가정보원장(우당기념관장)과의 인터뷰는 28일 오후 남산 자락의 중구 예장동 이회영기념관에서 진행됐다. 한·일 관계를 둘러싼 격동의 시점에, 독립운동가 우당(友堂) 이회영선생의 기념관에서, 우당의 친손자인 그와의 만남 자체가 드라마틱한 느낌이었다. 이 전 원장은 윤석열 대통령의 죽마고우인 이철우 연세대 법학전문대학원 교수의 부친이기도 하다. 1936년생 중국 상하이에서 태어난 87세 원로는 인터뷰 내내 나이를 잊게 만들 만큼 열정적이었다. 만찬으로 이어진 세 시간 내내 카랑카랑한 목소리로 자신의 생각을 밝혔다. 그는 지난 27일 전직 주일대사들과의 조찬 모임부터 화제에 올렸다. 최상용·유명환·신각수·이병기·유흥수·이준규 등 역대 주일대사들이 함께 한 자리였다. 이 전 원장은 ""현재의 한·일 관계는 윤석열 대통령 혼자 뛰어 될 일이 아니다. 모두가 올 코트 프레싱을 해야 한다고 의견을 모았다""고 했다.      



이종찬 전 국정원장이 28일 오후 서울 예장동 이회영기념관에서 중앙일보와 인터뷰하고 있다. 강정현 기자            다음은 일문일답.  ""견원지간 한일관계 동북아 불안 요소""    -독립운동가의 후손, 우당의 손자로서 보는 한·일 관계는 더 특별할 것 같다.      ""일본에 본능적인 적대감 같은 것이 있다. 할아버지가 일본의 손에 돌아가셨고, 아버지도 고초를 당했다. 어린 시절 집에선 일본 음식인 단무지와 튀김을 못 먹었고, 일본식 슬리퍼도 못 신었다. 과거엔 쇼와(昭和·히로히토) 일왕 생일에 일본 대사관에서 파티를 열곤 했는데 국회의원 때 초청을 받고도 가지 않았다. 솔직히 65년 국교 정상화도 탐탁지 않았고, 독일과 달리 일본이 사과에 인색한 데 대해 좋은 감정을 갖고 있지 않았다. ""  -그럼에도 일본과 잘 지내야 하나.       ""2차 대전 이전에 프랑스와 독일은 그야말로 견원지간이었다. 2차 대전 뒤 프랑스의 드골과 독일의 아데나워 두 거인이 양국 관계를 풀면서 오늘날 유럽의 평화가 왔다. 중국 변수가 있으니 동북아 상황은 좀 다르긴 하지만, 한국과 일본이 견원지간을 풀지 않으면 동북아의 지속적 불안 요소가 된다. 한·일과 한·중·일이 큰 틀 속에서 풀 것이 있으면 풀어야 한다. 동북아시아의 안전한 틀을 만들어서 북한 문제도 그 틀 속에 넣어 풀면 좋다.""-큰 틀에서 보자는 것이냐.       “1880년 김홍집이 수신사로 일본에 가니 청나라 외교관 황준헌이 『조선책략』이란 책을 줬다. 핵심은 친중국(親中國), 결일본(結日本), 연미국(聯美國)하여 자강을 도모해야 한국이 산다는 것이다. 시대는 바뀌었지만, 틀은 바뀌지 않았다. 드골과 아데나워처럼 윤 대통령도 일본·미국·중국과 큰 틀을 만드는 역할을 해달라는 것이다. 이번이 그 시작이다.""      -한·일관계 개선에 특별히 관심을 갖게 된 계기는.       ""문재인 정부 때 양국 관계가 너무 엉키고, 전쟁 일보 직전 같은 상황으로 가고 있었다. 특히 가장 큰 걱정은 지소미아(군사정보보호협정)였다. 어떠한 상황에서도 군사 정보는 받아야 한다. 무슨 물건처럼 딜(거래) 대상에 넣는 걸 보고 너무 놀랐다.""문 대통령에게 관계개선 조언했다 퇴짜    -문 대통령에게 직접 조언은 안 했나.      ""새 일왕 즉위를 앞두고 일본의 연호가 헤이세이(平成)에서 레이와(令和)로 바뀌는 즈음에 원로 몇 명이 문 대통령과 청와대에서 오찬을 했다. 내가 '일본과 잘 지내시는 게 좋겠다. 새로 즉위하는 왕이 평화주의자인 것 같다. 대통령이 일본에 가셔서 축하하는 것도 방법이고, 암튼 막혔던 것을 푸시는 게 좋겠다'고 했더니, 문 대통령이 정색하고 '대법원 (징용) 판결을 무시하란 얘기냐'는 취지로 말하더라. 그래서 '대법원 판결 때문에 영원히 외교는 안 하시렵니까'라고 했더니 문 대통령은 '대법원 판결 무시해 가면서 외교 못한다'고 하더라.""-1998년 김대중(DJ)·오부치 선언 때 정보기관장으로서 역할을 하셨다.       ""정보를 종합해 보니 일본에서 가장 걱정한 건 DJ가 과거 일본에서 당한 납치 문제를 언급할지였다. 그 얘기를 꺼내면 어떻게 답변해야 하는지 고민이 컸다. 그런데 결국 한마디도 안 했다. 대신 '일본은 너무 미래지향적, 한국은 너무 과거지향적'이라며 일본의 50%, 한국의 50%, 즉 미래 50% 과거 50%를 함께 하자고 해서 나온 것이 DJ-오부치 선언이다. 오부치는 과거를 사과하고, 김대중은 미래로 가는 대중문화를 열었다. 후임자들이 이 선언을 발전시켰어야 했는데 다 헝클어 놓았다.""-다들 국내 정치를 의식한 측면이 있지 않나. 윤 대통령은 어떤가.     ""한·일관계는 국내정치와 직결돼 있다. '잘해야 본전'이라고들 생각했다. 그런데 윤 대통령은 한 발짝 뛰어넘었다. 그러니 (국내적으로) 막 충격이 오는 거다. 노무현·이명박·박근혜· 문재인 20년 공백을 (한꺼번에) 뛰어 버렸다. 이번은 시작이지 마무리된 것은 아니다. 윤석열-기시다 선언이 될지 뭐가 될지 모르지만 잘 마무리되면 1965년 국교정상화, 1998년 DJ-오부치 선언에 이어 한·일관계의 새로운 기점이 될 것 같다.""""진정성·신뢰 준 것이 방일의 큰 의미""     -이번 윤 대통령 방일의 의미는.        ""DJ 이후 한국 대통령에 대해 일본이 느끼는 신뢰가 깨져 있었다. 그런데 윤 대통령이 진정성을 느끼게 했고 신뢰를 줬다는 게 큰 의미다. (윤 대통령과 인터뷰 한) 요미우리 신문은 원래 한국 문제에 우호적이지 않다. 하지만 이번엔 양국 관계 개선에 총대를 메고 있다. 모리 요시로 전 총리와 아소 다로 자민당 부총재 등 일본 내 원로들도 양국 지도자들을 푸시하고 있다. 원심력 아니라 구심력이 발휘될 수 있는 조건이다.""      -국민들 사이엔 부정적 견해가 많다. 일본의 호응 조치가 부실하기 때문 아니냐.       ""그런 입장도 이해한다. 그러나 기시다 총리 입장을 역지사지해 보면 그가 외상 때 위안부 문제를 풀었다. 사과를 했고, 일본 예산에서 10억엔을 내놓았다. 그럼에도 한국의 정권이 바뀌더니 발로 걷어찼고, 그는 바보 소리를 듣게 됐다. 기시다 파벌이 자민당 내에서 다수파도 아니고, 4월엔 선거도 있다. 그래서 조심조심한 측면이 있다. 4월 윤 대통령이 미국에 가고, 5월 히로시마 G7 정상회의를 거쳐 6월에 기시다 총리가 한국에 오면 뭔가 작품이 만들어지고, 그 작품이 터지면 성공 스토리가 될 것이다.""  



이종찬 전 국정원장이 28일 오후 서울 예장동 이회영기념관에서 중앙일보와 인터뷰하고 있다. 강정현 기자            -윤 대통령의 일본 방문이 시기적으로 너무 빠르지 않았나.       ""4월 미국 방문 때 일본 문제를 해결하고 가는 것과 해결 못 하고 가는 것은 큰 차이가 있다. 해결의 단초라도 만들어놓고 가겠다는 생각이 있었을 것이다. 바이든이 대하는 게 다르지 않겠나. 외교적으로는 3월이 적기였다.""""윤 대통령, 만기친람 대신 위임했으면""    -일본의 사과가 부족하다는 국민도 많다.      ""우리는 계속 사과를 하라고 한다. 그러니 일본에선 '불가역적인 사과' '이번이 마지막 사과' 이런 얘기가 나온다. 이런 사과는 안 받는 게 낫지 않나. 옆구리 찔러 자꾸 받으면 뭐하나. 가해자의 사과도 중요하지만 피해자의 용서도 중요하다고 본다. 이스라엘의 홀로코스트 박물관엔 '용서한다, 그러나 결코 잊지는 않는다(forgive but never forget)'라고 쓰여 있다. 가장 무서운 말이다. 그 말을 일본에 할 때가 됐다고 생각한다.""-당장 독도 문제가 있고, 교과서 검정도 논란이 되고 있는데.     “국제법에 따르면 점유 중인 나라가 영토의 임자다. 독도가 일본 영토라고 주장한다면 (중국과 일본이 영토분쟁을 벌이는) 센카쿠 열도는 중국의 영토라고 해도 되느냐고 일본에 말해야 한다. 교과서 문제도 '쇼와 일왕이 전범이라고 우리 교과서에 쓰겠다. 그래도 괜찮냐'고 말해야 한다. 교과서 세부 내용을 놓고 '맞다, 아니다' 할 게 아니라 큰 줄기로 딱 때려야 한다. ""-윤 대통령 취임 1년이 다가온다. 아쉬운 점은 없나.     ""방향은 옳고, 큰 줄기로는 잘 가고 있다. 다만 만기친람하지 않고, 위임할 것은 위임했으면 좋겠다. 총리나 장관들이 잘 안 보인다."" 이종찬  일제강점기 때 만주로 망명해 신흥무관학교 설립 등을 주도했던 아나키스트 계열 독립운동가 이회영의 손자다. 1936년 상하이에서 태어나 해방 다음 해인 46년 귀국했다. 육사를 졸업한 뒤 육군과 중앙정보부 등에서 근무했다. 1981년 제11대부터 1992년 제14대까지 민정당과 민자당에서 국회의원을 지냈다. 1995년 야당인 새정치국민회의에 참여해 김대중 정부 출범에 기여했다. 대통령직인수위원장을 거쳐 DJ 정부에서 국가안전기획부(안기부) 부장, 국가정보원장을 역임했다.  
",중앙
